transaction_id,credit_card_no,transaction_type,category,merchant,date
136767830680,4845815609810066,Online,Groceries,Shopee,2022-11-11
305622553709,4845815609810066,Online,Groceries,Qoo10,2022-11-11
334662255674,4845815609810066,Online,Groceries,Amazon,2022-11-11
198658381856,4845815609810066,Non-Online,Groceries,Decathalon,2022-11-11
695039939137,4845815609810066,Non-Online,Retail,7-Eleven,2022-11-11
636028581091,4344839710541903,Online,Groceries,Shopee,2022-11-11
211124344941,4344839710541903,Non-Online,Groceries,Kinokuniya,2022-11-11
438019458070,4344839710541903,Non-Online,Groceries,Isetan,2022-11-11
585392188627,4344839710541903,Non-Online,Retail,7-Eleven,2022-11-11
323346935438,3575996885707347,Online,Groceries,Lazada,2022-11-11
390135263543,3575996885707347,Online,Groceries,Qoo10,2022-11-11
236882933365,3575996885707347,Online,Groceries,eBay,2022-11-11
597145051419,3575996885707347,Non-Online,Groceries,Isetan,2022-11-11
419374555974,3575996885707347,Non-Online,Groceries,Decathalon,2022-11-11
469743545767,180069420012517,Non-Online,Groceries,NTUC Fairprice,2022-11-12
724195943290,180069420012517,Non-Online,Groceries,Don Don Donki,2022-11-12
748730117639,3556132410294048,Online,Groceries,Amazon,2022-11-11
239258153350,3556132410294048,Non-Online,Groceries,Decathalon,2022-11-11
771848270793,3556132410294048,Non-Online,Retail,7-Eleven,2022-11-11
316891374058,3569448485661878,Non-Online,Retail,7-Eleven,2022-11-07
166004024198,6011652765882925,Online,Groceries,Zalora,2022-11-11
341757355257,6011652765882925,Online,Groceries,Qoo10,2022-11-11
294575729723,6011652765882925,Online,Groceries,Zalora,2022-11-11
773551221081,6011652765882925,Non-Online,Groceries,Kinokuniya,2022-11-11
367400918333,6011652765882925,Non-Online,Retail,7-Eleven,2022-11-11
349775652268,213120703907393,Non-Online,Retail,7-Eleven,2022-11-10
860163801510,3545842573024636,Non-Online,Groceries,NTUC Fairprice,2022-11-13
580200677624,4312429065626901,Non-Online,Groceries,Don Don Donki,2022-11-13
139632595036,4312429065626901,Non-Online,Groceries,Don Don Donki,2022-11-13
267086547892,180058200854420,Non-Online,Retail,7-Eleven,2022-11-10
433452493692,342311996692594,Non-Online,Retail,7-Eleven,2022-11-10
758270337702,2702430957671551,Non-Online,Retail,7-Eleven,2022-11-10
472460624990,4037529310525503,Non-Online,Retail,7-Eleven,2022-11-10
367888235346,5599043266219548,Non-Online,Retail,7-Eleven,2022-11-09
734000736772,180039005319611,Non-Online,Retail,7-Eleven,2022-11-08
708763584336,4306575944307275,Non-Online,Retail,7-Eleven,2022-11-09
804941527940,36146093335189,Non-Online,Groceries,Cold Storage,2022-11-13
220234429310,36146093335189,Non-Online,Groceries,Giant Hypermart,2022-11-13
217019441944,4444956529130741,Non-Online,Retail,7-Eleven,2022-11-08
259642659156,343945186499580,Non-Online,Groceries,NTUC Fairprice,2022-11-13
875568428004,4072512319006002,Non-Online,Retail,7-Eleven,2022-11-08
800609974916,6011629261420343,Non-Online,Retail,7-Eleven,2022-11-10
303704336923,4154350040739463,Non-Online,Retail,7-Eleven,2022-11-07
350660667134,3592954457494462,Non-Online,Retail,7-Eleven,2022-11-09
211969804132,3514215431089694,Non-Online,Retail,7-Eleven,2022-11-07
503803997479,2676197868966329,Online,Groceries,Zalora,2022-11-11
244930278151,2676197868966329,Online,Groceries,Qoo10,2022-11-11
506116687796,2676197868966329,Non-Online,Groceries,Isetan,2022-11-11
416638742443,3550164924950779,Non-Online,Retail,7-Eleven,2022-11-08
167090937918,2262777552446538,Non-Online,Retail,7-Eleven,2022-11-08
235210811096,4141112592000744,Non-Online,Retail,7-Eleven,2022-11-10
345209018348,676303157959,Non-Online,Retail,7-Eleven,2022-11-09
174341670765,213154463016079,Non-Online,Retail,7-Eleven,2022-11-08
687342378210,2524710686897767,Online,Groceries,Amazon,2022-11-11
482946587293,2524710686897767,Non-Online,Groceries,Isetan,2022-11-11
740686378745,2524710686897767,Non-Online,Groceries,Pet Lovers Centre,2022-11-11
164991576546,2524710686897767,Non-Online,Groceries,Kinokuniya,2022-11-11
806466065888,2524710686897767,Non-Online,Retail,7-Eleven,2022-11-11
637738915059,3504324765627491,Non-Online,Retail,7-Eleven,2022-11-09
496512308105,346602768741924,Online,Groceries,Shopee,2022-11-11
861391945346,346602768741924,Online,Groceries,Shopee,2022-11-11
175085022452,346602768741924,Online,Groceries,eBay,2022-11-11
194288596302,346602768741924,Non-Online,Groceries,Isetan,2022-11-11
325508549256,346602768741924,Non-Online,Retail,7-Eleven,2022-11-11
241048783975,6588673725323126,Online,Groceries,Amazon,2022-11-11
243721350831,6588673725323126,Non-Online,Groceries,Takashimaya,2022-11-11
532534971670,6588673725323126,Non-Online,Groceries,Pet Lovers Centre,2022-11-11
833790970307,675925132408,Non-Online,Retail,7-Eleven,2022-11-10
668308398377,180035085820502,Online,Groceries,Shopee,2022-11-11
480054017312,180035085820502,Non-Online,Groceries,Kinokuniya,2022-11-11
708790194028,180035085820502,Non-Online,Groceries,Kinokuniya,2022-11-11
862748033206,180035085820502,Non-Online,Groceries,Takashimaya,2022-11-11
844546570964,3532211599482878,Online,Groceries,Zalora,2022-11-11
265911104746,3532211599482878,Online,Groceries,Shopee,2022-11-11
459186648396,3532211599482878,Non-Online,Groceries,Takashimaya,2022-11-11
883500396629,3532211599482878,Non-Online,Groceries,Kinokuniya,2022-11-11
140479404435,3532211599482878,Non-Online,Retail,7-Eleven,2022-11-11
108357865730,4219606732075711,Online,Groceries,Zalora,2022-11-11
368804900278,4219606732075711,Online,Groceries,Shopee,2022-11-11
138508127687,4219606732075711,Online,Groceries,Zalora,2022-11-11
815884426343,4219606732075711,Non-Online,Groceries,Pet Lovers Centre,2022-11-11
429229781839,4219606732075711,Non-Online,Groceries,Kinokuniya,2022-11-11
526263746456,4147330134510304366,Non-Online,Retail,7-Eleven,2022-11-07
266395802348,2709711933505366,Online,Groceries,Qoo10,2022-11-11
628976858064,2709711933505366,Non-Online,Groceries,Takashimaya,2022-11-11
193418148427,2709711933505366,Non-Online,Groceries,Takashimaya,2022-11-11
329519962326,2709711933505366,Non-Online,Groceries,Takashimaya,2022-11-11
719727936266,2709711933505366,Non-Online,Retail,7-Eleven,2022-11-11
360081721474,340784384813794,Online,Groceries,Lazada,2022-11-11
729567849871,340784384813794,Online,Groceries,eBay,2022-11-11
153665589723,340784384813794,Online,Groceries,eBay,2022-11-11
440394977996,340784384813794,Non-Online,Groceries,Decathalon,2022-11-11
311251233064,340784384813794,Non-Online,Retail,7-Eleven,2022-11-11
666876348984,4554496511309447,Non-Online,Retail,7-Eleven,2022-11-08
696037581750,4980298898322106854,Online,Groceries,Qoo10,2022-11-11
184619523488,4980298898322106854,Online,Groceries,eBay,2022-11-11
518763463420,4980298898322106854,Online,Groceries,Lazada,2022-11-11
294545031411,4980298898322106854,Non-Online,Groceries,Kinokuniya,2022-11-11
756844433643,4980298898322106854,Non-Online,Groceries,Takashimaya,2022-11-11
178507227584,4980298898322106854,Non-Online,Groceries,Pet Lovers Centre,2022-11-11
452890494743,4980298898322106854,Non-Online,Retail,7-Eleven,2022-11-11
355936595864,30021700899776,Online,Groceries,Lazada,2022-11-11
311086080715,30021700899776,Online,Groceries,Shopee,2022-11-11
398067095562,30021700899776,Non-Online,Groceries,Decathalon,2022-11-11
871220039718,30021700899776,Non-Online,Groceries,Kinokuniya,2022-11-11
593421664187,30021700899776,Non-Online,Groceries,Isetan,2022-11-11
370642685008,30021700899776,Non-Online,Retail,7-Eleven,2022-11-11
505586759375,30208891803838,Non-Online,Groceries,Giant Hypermart,2022-11-12
411190884205,6011725202036188,Non-Online,Groceries,NTUC Fairprice,2022-11-12
232199917655,341068596777651,Non-Online,Retail,7-Eleven,2022-11-08
162135260080,676302916629,Non-Online,Retail,7-Eleven,2022-11-09
571069380161,4856347520734817,Non-Online,Retail,7-Eleven,2022-11-07
679094901165,213160895963549,Non-Online,Retail,7-Eleven,2022-11-10
176158391771,6011288091973797,Non-Online,Retail,7-Eleven,2022-11-07
277461870648,5189999022472752,Non-Online,Retail,7-Eleven,2022-11-09
181576818049,213183760721990,Non-Online,Groceries,NTUC Fairprice,2022-11-13
678744112099,372795280041935,Online,Groceries,Qoo10,2022-11-11
113932834187,372795280041935,Online,Groceries,Amazon,2022-11-11
874331001671,372795280041935,Non-Online,Groceries,Pet Lovers Centre,2022-11-11
353614887794,372795280041935,Non-Online,Groceries,Pet Lovers Centre,2022-11-11
748337701492,372795280041935,Non-Online,Groceries,Kinokuniya,2022-11-11
424584696213,30475861921615,Non-Online,Groceries,Cold Storage,2022-11-12
667859168964,2268652880572665,Non-Online,Groceries,Cold Storage,2022-11-12
370783451457,2268652880572665,Non-Online,Groceries,Don Don Donki,2022-11-12
376513274880,4038259087402889,Non-Online,Retail,7-Eleven,2022-11-07
558668070338,6011567333837526,Online,Groceries,Amazon,2022-11-11
377937558415,6011567333837526,Non-Online,Groceries,Isetan,2022-11-11
849938919215,6011567333837526,Non-Online,Groceries,Decathalon,2022-11-11
556882720001,6011567333837526,Non-Online,Retail,7-Eleven,2022-11-11
714035623270,4781047061701,Non-Online,Retail,7-Eleven,2022-11-08
706048447343,503872421337,Online,Groceries,Qoo10,2022-11-11
603477700704,503872421337,Online,Groceries,eBay,2022-11-11
743079360741,503872421337,Online,Groceries,Lazada,2022-11-11
244881805643,503872421337,Non-Online,Groceries,Takashimaya,2022-11-11
418655332806,503872421337,Non-Online,Groceries,Isetan,2022-11-11
766352323104,503872421337,Non-Online,Groceries,Decathalon,2022-11-11
513423388815,503872421337,Non-Online,Retail,7-Eleven,2022-11-11
638332884060,563175312724,Non-Online,Retail,7-Eleven,2022-11-10
242888372543,2293450043676849,Non-Online,Retail,7-Eleven,2022-11-08
384500252220,349905532879632,Online,Groceries,Zalora,2022-11-11
371205845698,349905532879632,Online,Groceries,eBay,2022-11-11
579971897012,349905532879632,Online,Groceries,eBay,2022-11-11
336327779810,349905532879632,Non-Online,Groceries,Decathalon,2022-11-11
655017835376,349905532879632,Non-Online,Groceries,Decathalon,2022-11-11
604063832666,349905532879632,Non-Online,Groceries,Takashimaya,2022-11-11
597359792528,349905532879632,Non-Online,Retail,7-Eleven,2022-11-11
605184798887,347397949270237,Online,Groceries,Amazon,2022-11-11
105164499832,347397949270237,Online,Groceries,Zalora,2022-11-11
697383125459,347397949270237,Non-Online,Groceries,Isetan,2022-11-11
593758148886,347397949270237,Non-Online,Groceries,Pet Lovers Centre,2022-11-11
271652159809,347397949270237,Non-Online,Groceries,Pet Lovers Centre,2022-11-11
402886866597,347397949270237,Non-Online,Retail,7-Eleven,2022-11-11
519988102100,6011266253672829,Non-Online,Retail,7-Eleven,2022-11-08
347782625763,3539533358480980,Non-Online,Retail,7-Eleven,2022-11-07
190776216596,4960948737094,Online,Groceries,Zalora,2022-11-11
384533725758,4960948737094,Online,Groceries,Lazada,2022-11-11
862733383269,4960948737094,Non-Online,Groceries,Decathalon,2022-11-11
366247075963,4960948737094,Non-Online,Groceries,Takashimaya,2022-11-11
645741461588,4960948737094,Non-Online,Groceries,Kinokuniya,2022-11-11
307506397533,4960948737094,Non-Online,Retail,7-Eleven,2022-11-11
149344281253,501840524406,Non-Online,Retail,7-Eleven,2022-11-09
606803317316,4314171733912036,Non-Online,Retail,7-Eleven,2022-11-10
115191674170,180047463029622,Non-Online,Retail,7-Eleven,2022-11-10
553327054851,4449764467863049039,Non-Online,Groceries,Cold Storage,2022-11-13
781961867812,4449764467863049039,Non-Online,Groceries,Don Don Donki,2022-11-13
812146794020,4195771696194797,Non-Online,Groceries,Don Don Donki,2022-11-12
315622579514,4195771696194797,Non-Online,Groceries,NTUC Fairprice,2022-11-12
445028435461,2719594394019897,Online,Groceries,Amazon,2022-11-11
168137038332,2719594394019897,Non-Online,Groceries,Takashimaya,2022-11-11
352935895336,2719594394019897,Non-Online,Groceries,Isetan,2022-11-11
502792282000,2719594394019897,Non-Online,Retail,7-Eleven,2022-11-11
800619569686,578781031757,Non-Online,Retail,7-Eleven,2022-11-09
526359717525,2331859861485220,Non-Online,Groceries,NTUC Fairprice,2022-11-13
836738363533,2331859861485220,Non-Online,Groceries,Cold Storage,2022-11-13
772025555109,5401652701691091,Non-Online,Retail,7-Eleven,2022-11-09
348103511523,675997512834,Non-Online,Retail,7-Eleven,2022-11-08
846658051161,180022680833783,Non-Online,Retail,7-Eleven,2022-11-07
656754968113,371153431951415,Non-Online,Retail,7-Eleven,2022-11-10
860838084599,4460358062707579637,Non-Online,Retail,7-Eleven,2022-11-08
180870222519,630410381184,Non-Online,Retail,7-Eleven,2022-11-07
292226618643,4164850955772282,Online,Groceries,Zalora,2022-11-11
326602684031,4164850955772282,Non-Online,Groceries,Pet Lovers Centre,2022-11-11
667746479770,4574374750276153,Non-Online,Groceries,Don Don Donki,2022-11-13
451874998262,4574374750276153,Non-Online,Groceries,NTUC Fairprice,2022-11-13
336973558649,3548841084406891,Non-Online,Groceries,Cold Storage,2022-11-13
412314003642,3548841084406891,Non-Online,Groceries,Don Don Donki,2022-11-13
353021428540,4348504243686601,Online,Groceries,Qoo10,2022-11-11
175132086476,4348504243686601,Online,Groceries,eBay,2022-11-11
103695835087,4348504243686601,Online,Groceries,Qoo10,2022-11-11
766341391590,4348504243686601,Non-Online,Groceries,Decathalon,2022-11-11
178629574043,4348504243686601,Non-Online,Groceries,Pet Lovers Centre,2022-11-11
134146323857,4348504243686601,Non-Online,Groceries,Isetan,2022-11-11
580492912399,3574778724714697,Non-Online,Retail,7-Eleven,2022-11-09
845009375668,4115388440945668,Online,Groceries,Amazon,2022-11-11
165379834809,4115388440945668,Online,Groceries,Qoo10,2022-11-11
751724893320,4115388440945668,Non-Online,Groceries,Kinokuniya,2022-11-11
776867323226,4115388440945668,Non-Online,Groceries,Isetan,2022-11-11
778775427846,4115388440945668,Non-Online,Groceries,Kinokuniya,2022-11-11
445069394130,4842930755778927,Non-Online,Retail,7-Eleven,2022-11-09
720231097005,3548695784831281,Non-Online,Retail,7-Eleven,2022-11-08
110590361621,676114380642,Online,Groceries,Lazada,2022-11-11
771552258667,676114380642,Online,Groceries,Amazon,2022-11-11
682888133099,676114380642,Non-Online,Groceries,Takashimaya,2022-11-11
865821689447,676114380642,Non-Online,Retail,7-Eleven,2022-11-11
497120254200,2720330051222475,Online,Groceries,Zalora,2022-11-11
809893508971,2720330051222475,Non-Online,Groceries,Isetan,2022-11-11
698808399653,2720330051222475,Non-Online,Groceries,Takashimaya,2022-11-11
305208569452,2720330051222475,Non-Online,Groceries,Takashimaya,2022-11-11
168664943282,2720330051222475,Non-Online,Retail,7-Eleven,2022-11-11
603690839249,30058172168520,Non-Online,Groceries,NTUC Fairprice,2022-11-13
634432737521,30058172168520,Non-Online,Groceries,Cold Storage,2022-11-13
790832881726,4143887799421508,Non-Online,Groceries,NTUC Fairprice,2022-11-13
322166120877,580295414719,Non-Online,Groceries,Giant Hypermart,2022-11-12
682044025128,3552903580215482,Online,Groceries,eBay,2022-11-11
576090419482,3552903580215482,Non-Online,Groceries,Takashimaya,2022-11-11
840656818431,3552903580215482,Non-Online,Groceries,Takashimaya,2022-11-11
113938958489,3552903580215482,Non-Online,Groceries,Kinokuniya,2022-11-11
408915827114,3552903580215482,Non-Online,Retail,7-Eleven,2022-11-11
862393092744,213172934153370,Online,Groceries,Amazon,2022-11-11
262176970788,213172934153370,Non-Online,Groceries,Pet Lovers Centre,2022-11-11
378442639010,213172934153370,Non-Online,Groceries,Pet Lovers Centre,2022-11-11
222572106529,4815910471457413,Online,Groceries,Shopee,2022-11-11
582904531942,4815910471457413,Non-Online,Groceries,Decathalon,2022-11-11
141304366616,4815910471457413,Non-Online,Retail,7-Eleven,2022-11-11
111693720445,6011407731747128,Non-Online,Retail,7-Eleven,2022-11-09
610141550807,213155103970906,Non-Online,Retail,7-Eleven,2022-11-07
318614364722,6549585533241654,Non-Online,Retail,7-Eleven,2022-11-10
478522183515,4446145309187588,Online,Groceries,Qoo10,2022-11-11
175183654260,4446145309187588,Online,Groceries,Amazon,2022-11-11
227549700631,4446145309187588,Non-Online,Groceries,Isetan,2022-11-11
746521279459,4446145309187588,Non-Online,Groceries,Takashimaya,2022-11-11
214879083371,2716988798758758,Online,Groceries,Amazon,2022-11-11
866834816636,2716988798758758,Online,Groceries,Zalora,2022-11-11
418712205371,2716988798758758,Non-Online,Groceries,Pet Lovers Centre,2022-11-11
421812982882,2716988798758758,Non-Online,Groceries,Pet Lovers Centre,2022-11-11
279981902809,2716988798758758,Non-Online,Retail,7-Eleven,2022-11-11
568000590684,3584022025816358,Non-Online,Retail,7-Eleven,2022-11-07
690157455286,4018161213001450800,Non-Online,Groceries,Don Don Donki,2022-11-12
446736791714,38518143363809,Online,Groceries,Lazada,2022-11-11
486446202836,38518143363809,Online,Groceries,eBay,2022-11-11
746392960435,38518143363809,Online,Groceries,Lazada,2022-11-11
138480447398,38518143363809,Non-Online,Groceries,Isetan,2022-11-11
712985559896,38518143363809,Non-Online,Groceries,Decathalon,2022-11-11
231043037318,38518143363809,Non-Online,Groceries,Takashimaya,2022-11-11
212285002152,38518143363809,Non-Online,Retail,7-Eleven,2022-11-11
117059694941,4788699655356508,Online,Groceries,Qoo10,2022-11-11
364333717043,4788699655356508,Non-Online,Groceries,Isetan,2022-11-11
187045328121,4788699655356508,Non-Online,Groceries,Decathalon,2022-11-11
673264269010,4788699655356508,Non-Online,Groceries,Kinokuniya,2022-11-11
307138186082,4788699655356508,Non-Online,Retail,7-Eleven,2022-11-11
711093572256,4406022753123278,Non-Online,Retail,7-Eleven,2022-11-10
279488915880,340822420401420,Non-Online,Groceries,Cold Storage,2022-11-13
248683285182,340822420401420,Non-Online,Groceries,Cold Storage,2022-11-13
105456700335,4148845432360207,Non-Online,Retail,7-Eleven,2022-11-07
213391973058,3559185434668248,Non-Online,Retail,7-Eleven,2022-11-08
520484312950,4671841709308552,Non-Online,Groceries,Don Don Donki,2022-11-12
217318976241,3593992105060516,Non-Online,Retail,7-Eleven,2022-11-09
595321574087,180033604711443,Non-Online,Retail,7-Eleven,2022-11-08
191409753182,4456958726650963,Non-Online,Retail,7-Eleven,2022-11-08
461280059280,2720516722266269,Non-Online,Retail,7-Eleven,2022-11-10
684863257627,6011939060280594,Online,Groceries,Qoo10,2022-11-11
835760821172,6011939060280594,Non-Online,Groceries,Kinokuniya,2022-11-11
490912047823,6011939060280594,Non-Online,Retail,7-Eleven,2022-11-11
632739441834,213123955353837,Non-Online,Retail,7-Eleven,2022-11-10
433954566475,3518192948358084,Non-Online,Groceries,Cold Storage,2022-11-13
759446980965,3518192948358084,Non-Online,Groceries,Don Don Donki,2022-11-13
122742246029,180062635340047,Online,Groceries,Shopee,2022-11-11
742331391005,180062635340047,Online,Groceries,Amazon,2022-11-11
497755960101,180062635340047,Non-Online,Groceries,Kinokuniya,2022-11-11
714134112332,180062635340047,Non-Online,Groceries,Decathalon,2022-11-11
139766608959,630467273755,Non-Online,Retail,7-Eleven,2022-11-10
732769164505,3564175979826569,Non-Online,Retail,7-Eleven,2022-11-08
406847137907,213161834904941,Non-Online,Retail,7-Eleven,2022-11-10
219089545408,213172689082667,Non-Online,Groceries,NTUC Fairprice,2022-11-12
779186131439,4529400091944955,Online,Groceries,Lazada,2022-11-11
640317290122,4529400091944955,Online,Groceries,eBay,2022-11-11
258513883427,4529400091944955,Non-Online,Groceries,Pet Lovers Centre,2022-11-11
579082371899,4529400091944955,Non-Online,Groceries,Decathalon,2022-11-11
433860268967,4529400091944955,Non-Online,Groceries,Decathalon,2022-11-11
826411674927,4529400091944955,Non-Online,Retail,7-Eleven,2022-11-11
374494276117,371056214598982,Non-Online,Groceries,NTUC Fairprice,2022-11-12
492755407670,30459569332382,Non-Online,Groceries,Cold Storage,2022-11-12
611755169317,2451747210928574,Non-Online,Retail,7-Eleven,2022-11-10
873368784866,575451205844,Non-Online,Retail,7-Eleven,2022-11-09
871142093640,30162334981224,Non-Online,Retail,7-Eleven,2022-11-09
791543072401,2279449231220673,Non-Online,Retail,7-Eleven,2022-11-07
794145911153,567904821020,Non-Online,Retail,7-Eleven,2022-11-10
700114557202,4248752279131528,Non-Online,Groceries,Cold Storage,2022-11-13
446767543021,4248752279131528,Non-Online,Groceries,NTUC Fairprice,2022-11-13
151830254725,2259294505928880,Non-Online,Retail,7-Eleven,2022-11-10
847749957143,378658936237105,Non-Online,Groceries,Giant Hypermart,2022-11-12
206132040587,5160610820584754,Online,Groceries,Qoo10,2022-11-11
670565809396,5160610820584754,Non-Online,Groceries,Decathalon,2022-11-11
864320928474,5160610820584754,Non-Online,Retail,7-Eleven,2022-11-11
803783447283,5338146264864763,Non-Online,Groceries,NTUC Fairprice,2022-11-12
881023648666,4998195426879221,Online,Groceries,Zalora,2022-11-11
631490210465,4998195426879221,Online,Groceries,Qoo10,2022-11-11
494000602538,4998195426879221,Online,Groceries,Qoo10,2022-11-11
637022316565,4998195426879221,Non-Online,Groceries,Isetan,2022-11-11
356344942783,4998195426879221,Non-Online,Groceries,Isetan,2022-11-11
791348933992,3586175055297606,Non-Online,Groceries,NTUC Fairprice,2022-11-12
848329054203,375097586049085,Non-Online,Retail,7-Eleven,2022-11-07
309362723874,4093843188640345851,Non-Online,Retail,7-Eleven,2022-11-08
611717161010,346347786197630,Non-Online,Retail,7-Eleven,2022-11-09
243066140533,30514932188539,Non-Online,Groceries,Giant Hypermart,2022-11-13
323958082456,30514932188539,Non-Online,Groceries,Cold Storage,2022-11-13
744359095058,4502076639302,Non-Online,Retail,7-Eleven,2022-11-08
829931641130,4982589793333994,Non-Online,Retail,7-Eleven,2022-11-10
312087934639,676292841878,Non-Online,Groceries,Giant Hypermart,2022-11-12
518857591564,676292841878,Non-Online,Groceries,Cold Storage,2022-11-12
416088838668,4632063563230909,Non-Online,Groceries,Giant Hypermart,2022-11-12
114988710775,4632063563230909,Non-Online,Groceries,NTUC Fairprice,2022-11-12
642089731001,570176712257,Non-Online,Groceries,NTUC Fairprice,2022-11-12
602510834001,587644827095,Non-Online,Retail,7-Eleven,2022-11-08
719859118566,6011225003800049,Online,Groceries,Lazada,2022-11-11
523619277304,6011225003800049,Non-Online,Groceries,Takashimaya,2022-11-11
144255610693,6011225003800049,Non-Online,Retail,7-Eleven,2022-11-11
246948822631,4746559469389072,Non-Online,Retail,7-Eleven,2022-11-08
824713332810,4787962672645092,Non-Online,Retail,7-Eleven,2022-11-09
896788430025,3575758311792222,Non-Online,Groceries,Don Don Donki,2022-11-12
785987231929,3512706074438737,Non-Online,Groceries,NTUC Fairprice,2022-11-13
636807821521,4191535012470499270,Non-Online,Retail,7-Eleven,2022-11-08
756352360752,6538347592458866,Non-Online,Retail,7-Eleven,2022-11-10
447190399863,6011264941135085,Non-Online,Retail,7-Eleven,2022-11-07
247129732397,4685883636178215,Non-Online,Groceries,Cold Storage,2022-11-12
627712203360,4685883636178215,Non-Online,Groceries,Cold Storage,2022-11-12
447428288248,340294286852759,Non-Online,Retail,7-Eleven,2022-11-09
161435618734,676346805622,Non-Online,Retail,7-Eleven,2022-11-08
186729067452,3516362248722386,Non-Online,Groceries,Don Don Donki,2022-11-12
236434027227,2706425181355605,Non-Online,Groceries,Giant Hypermart,2022-11-12
165977367621,2706425181355605,Non-Online,Groceries,NTUC Fairprice,2022-11-12
838117378242,3578999427541007,Non-Online,Groceries,Don Don Donki,2022-11-12
660729075757,3578999427541007,Non-Online,Groceries,Cold Storage,2022-11-12
714479758005,5117929162010317,Non-Online,Retail,7-Eleven,2022-11-10
881223693739,4724435915932730,Non-Online,Groceries,Don Don Donki,2022-11-12
840618176409,4664852518004554,Non-Online,Retail,7-Eleven,2022-11-10
842847331852,4584494052867364,Non-Online,Groceries,Don Don Donki,2022-11-12
138353469765,4747643946190349273,Non-Online,Groceries,Cold Storage,2022-11-13
535657013758,180008036506934,Non-Online,Retail,7-Eleven,2022-11-08
232770570707,30130411772758,Non-Online,Groceries,Don Don Donki,2022-11-12
745953356213,349080150661959,Non-Online,Retail,7-Eleven,2022-11-07
107395172410,2292697090079142,Non-Online,Retail,7-Eleven,2022-11-08
355341684762,38091457752132,Non-Online,Groceries,Cold Storage,2022-11-13
732829275784,6540150664072326,Non-Online,Retail,7-Eleven,2022-11-07
593773941531,503859601877,Non-Online,Retail,7-Eleven,2022-11-08
583966043452,2255084999960612,Non-Online,Retail,7-Eleven,2022-11-07
105494902785,345173889275508,Non-Online,Retail,7-Eleven,2022-11-08
749000478306,6582967344392736,Non-Online,Groceries,Don Don Donki,2022-11-13
143266045126,6582967344392736,Non-Online,Groceries,Giant Hypermart,2022-11-13
189529290593,6522500708534438,Non-Online,Retail,7-Eleven,2022-11-07
822064007784,4368367341519282596,Non-Online,Retail,7-Eleven,2022-11-07
789752979197,639052663494,Non-Online,Retail,7-Eleven,2022-11-10
642958872003,30519482145698,Non-Online,Retail,7-Eleven,2022-11-10
621876946041,4690544053994467,Non-Online,Retail,7-Eleven,2022-11-10
240043595641,6558501263334112,Non-Online,Retail,7-Eleven,2022-11-09
574004297292,4536012726351,Non-Online,Groceries,NTUC Fairprice,2022-11-13
212050525781,4536012726351,Non-Online,Groceries,Cold Storage,2022-11-13
142521308143,30077212146171,Online,Groceries,Qoo10,2022-11-11
453417125110,30077212146171,Non-Online,Groceries,Kinokuniya,2022-11-11
458847245089,30077212146171,Non-Online,Groceries,Isetan,2022-11-11
554413763510,30077212146171,Non-Online,Groceries,Isetan,2022-11-11
721694119439,30077212146171,Non-Online,Retail,7-Eleven,2022-11-11
132711995617,342976666135775,Online,Groceries,eBay,2022-11-11
149908182570,342976666135775,Online,Groceries,Lazada,2022-11-11
400339214801,342976666135775,Online,Groceries,Qoo10,2022-11-11
486104495563,342976666135775,Non-Online,Groceries,Isetan,2022-11-11
234474648202,342976666135775,Non-Online,Groceries,Kinokuniya,2022-11-11
531756296979,342976666135775,Non-Online,Retail,7-Eleven,2022-11-11
199562358870,180079298055688,Non-Online,Retail,7-Eleven,2022-11-08
563393859596,572494000399,Non-Online,Groceries,Don Don Donki,2022-11-12
450541377685,4644850499030,Non-Online,Retail,7-Eleven,2022-11-09
568050221603,4533943691789244698,Non-Online,Groceries,Giant Hypermart,2022-11-12
475461717148,342456145550043,Non-Online,Retail,7-Eleven,2022-11-10
526883639390,3532147998656599,Non-Online,Retail,7-Eleven,2022-11-08
327308017863,4977413906300775529,Online,Groceries,Amazon,2022-11-11
281110197278,4977413906300775529,Non-Online,Groceries,Pet Lovers Centre,2022-11-11
464753249151,4977413906300775529,Non-Online,Groceries,Kinokuniya,2022-11-11
692152906342,4977413906300775529,Non-Online,Retail,7-Eleven,2022-11-11
476233421314,5595176704170446,Online,Groceries,Amazon,2022-11-11
115785689970,5595176704170446,Online,Groceries,Amazon,2022-11-11
823265295954,5595176704170446,Online,Groceries,Shopee,2022-11-11
777272908389,5595176704170446,Non-Online,Groceries,Decathalon,2022-11-11
780546199197,5595176704170446,Non-Online,Groceries,Isetan,2022-11-11
894047914535,5595176704170446,Non-Online,Groceries,Kinokuniya,2022-11-11
108573121727,5595176704170446,Non-Online,Retail,7-Eleven,2022-11-11
538485088073,3585355374850621,Non-Online,Retail,7-Eleven,2022-11-10
499225621880,4091631774720852,Non-Online,Retail,7-Eleven,2022-11-09
722547114709,348698783448196,Non-Online,Retail,7-Eleven,2022-11-10
381252813479,4722256038865,Non-Online,Retail,7-Eleven,2022-11-09
489061294368,4299502206272053,Non-Online,Retail,7-Eleven,2022-11-09
544565571954,2283675635684619,Non-Online,Groceries,Giant Hypermart,2022-11-13
473745730905,4059078399157500,Non-Online,Retail,7-Eleven,2022-11-08
810362787990,180051217722870,Non-Online,Retail,7-Eleven,2022-11-10
443371619373,213170795933625,Non-Online,Retail,7-Eleven,2022-11-10
573825230104,4160744531653099518,Non-Online,Retail,7-Eleven,2022-11-09
133090652456,4108978363665918741,Non-Online,Retail,7-Eleven,2022-11-08
630145378099,5430113052461365,Non-Online,Groceries,Giant Hypermart,2022-11-12
303512710624,5430113052461365,Non-Online,Groceries,Giant Hypermart,2022-11-12
326471555723,4921644008537411033,Non-Online,Retail,7-Eleven,2022-11-07
483811365502,377743591997390,Non-Online,Groceries,Giant Hypermart,2022-11-13
519073838656,4108583706946033,Non-Online,Retail,7-Eleven,2022-11-10
685262398645,348885021245928,Non-Online,Retail,7-Eleven,2022-11-07
200119908130,501893787009,Non-Online,Groceries,Don Don Donki,2022-11-13
159315196998,4842987803235490,Non-Online,Retail,7-Eleven,2022-11-08
884702463266,4023564137641635,Non-Online,Retail,7-Eleven,2022-11-09
835473624444,3537506581468099,Non-Online,Retail,7-Eleven,2022-11-10
392975557267,180011861448891,Online,Groceries,Shopee,2022-11-11
557257952488,180011861448891,Non-Online,Groceries,Takashimaya,2022-11-11
658906946831,180011861448891,Non-Online,Groceries,Pet Lovers Centre,2022-11-11
773325703112,180011861448891,Non-Online,Retail,7-Eleven,2022-11-11
560740099886,2341661136301341,Online,Groceries,Shopee,2022-11-11
553662310058,2341661136301341,Online,Groceries,Qoo10,2022-11-11
127140662103,2341661136301341,Non-Online,Groceries,Pet Lovers Centre,2022-11-11
521135876180,2341661136301341,Non-Online,Groceries,Pet Lovers Centre,2022-11-11
446936312852,2341661136301341,Non-Online,Retail,7-Eleven,2022-11-11
527702496234,3559439341610466,Non-Online,Groceries,Giant Hypermart,2022-11-13
517932131942,4784189170652,Non-Online,Groceries,Giant Hypermart,2022-11-13
897944462226,4784189170652,Non-Online,Groceries,Giant Hypermart,2022-11-13
203442422963,676254454025,Non-Online,Retail,7-Eleven,2022-11-10
682843828205,213162669890353,Non-Online,Retail,7-Eleven,2022-11-08
392893493276,3560816697961741,Non-Online,Groceries,NTUC Fairprice,2022-11-13
876561846705,4443326578400166,Non-Online,Retail,7-Eleven,2022-11-09
593495160654,213165885432058,Non-Online,Groceries,Giant Hypermart,2022-11-13
452230374762,213165885432058,Non-Online,Groceries,NTUC Fairprice,2022-11-13
610319945608,4467824933086,Online,Groceries,Qoo10,2022-11-11
802386483258,4467824933086,Non-Online,Groceries,Isetan,2022-11-11
442733819330,4467824933086,Non-Online,Groceries,Pet Lovers Centre,2022-11-11
447613112845,4467824933086,Non-Online,Groceries,Takashimaya,2022-11-11
554354818250,4467824933086,Non-Online,Retail,7-Eleven,2022-11-11
220720925090,3586313792007976,Non-Online,Retail,7-Eleven,2022-11-09
387073550484,4587015254163505,Non-Online,Retail,7-Eleven,2022-11-08
128039319770,4132197388468131,Non-Online,Retail,7-Eleven,2022-11-10
495257187271,4730207969810249941,Non-Online,Retail,7-Eleven,2022-11-09
208439122632,4692381372903,Non-Online,Retail,7-Eleven,2022-11-07
524554489413,3583173064335601,Non-Online,Retail,7-Eleven,2022-11-09
837798237374,3559149790668150,Non-Online,Groceries,Don Don Donki,2022-11-13
273146254312,6011833692084799,Online,Groceries,Qoo10,2022-11-11
440425907524,6011833692084799,Non-Online,Groceries,Kinokuniya,2022-11-11
383204360306,6011833692084799,Non-Online,Retail,7-Eleven,2022-11-11
438645507433,639092095772,Non-Online,Groceries,Cold Storage,2022-11-13
359855796875,4808581637743,Non-Online,Retail,7-Eleven,2022-11-07
367302273186,38313183184996,Online,Groceries,Shopee,2022-11-11
630268137124,38313183184996,Non-Online,Groceries,Kinokuniya,2022-11-11
336474424996,38313183184996,Non-Online,Groceries,Decathalon,2022-11-11
493078317722,38313183184996,Non-Online,Retail,7-Eleven,2022-11-11
134084133546,343019589452081,Non-Online,Retail,7-Eleven,2022-11-09
660318331268,4292891698585131,Non-Online,Retail,7-Eleven,2022-11-07
130286592316,2274601151995248,Non-Online,Retail,7-Eleven,2022-11-08
472844542800,375081523685649,Non-Online,Groceries,NTUC Fairprice,2022-11-12
527326127268,30281414485664,Online,Groceries,eBay,2022-11-11
114387899520,30281414485664,Non-Online,Groceries,Isetan,2022-11-11
413131985060,30281414485664,Non-Online,Retail,7-Eleven,2022-11-11
399347715521,501807742330,Non-Online,Groceries,Giant Hypermart,2022-11-12
510386746325,501807742330,Non-Online,Groceries,Giant Hypermart,2022-11-12
670422334659,5467506780113867,Online,Groceries,Zalora,2022-11-11
799097095721,5467506780113867,Online,Groceries,Zalora,2022-11-11
515128791702,5467506780113867,Online,Groceries,Qoo10,2022-11-11
724002077189,5467506780113867,Non-Online,Groceries,Pet Lovers Centre,2022-11-11
888182227102,5467506780113867,Non-Online,Groceries,Pet Lovers Centre,2022-11-11
222412206280,5467506780113867,Non-Online,Groceries,Takashimaya,2022-11-11
426533695025,4819256332766600,Online,Groceries,eBay,2022-11-11
794335956747,4819256332766600,Online,Groceries,Lazada,2022-11-11
660375125081,4819256332766600,Non-Online,Groceries,Decathalon,2022-11-11
821053896860,4819256332766600,Non-Online,Groceries,Pet Lovers Centre,2022-11-11
734447354242,4819256332766600,Non-Online,Retail,7-Eleven,2022-11-11
683855020401,6500411947974441,Non-Online,Retail,7-Eleven,2022-11-08
502940340161,4748550416374,Online,Groceries,Shopee,2022-11-11
884890675142,4748550416374,Non-Online,Groceries,Isetan,2022-11-11
714194338233,4748550416374,Non-Online,Groceries,Kinokuniya,2022-11-11
346806157100,4299086138650891,Non-Online,Groceries,NTUC Fairprice,2022-11-13
384815152456,6566279632065192,Non-Online,Retail,7-Eleven,2022-11-08
358200197566,180097675276024,Non-Online,Retail,7-Eleven,2022-11-09
216033519722,502066802435,Online,Groceries,Shopee,2022-11-11
278649080052,502066802435,Online,Groceries,Lazada,2022-11-11
198895104831,502066802435,Non-Online,Groceries,Kinokuniya,2022-11-11
139812563169,502066802435,Non-Online,Groceries,Decathalon,2022-11-11
368160540462,502066802435,Non-Online,Groceries,Decathalon,2022-11-11
322326549910,3524273961972605,Non-Online,Retail,7-Eleven,2022-11-09
852073342654,3560808414759052,Non-Online,Retail,7-Eleven,2022-11-10
635160134780,060433781311,Non-Online,Groceries,Giant Hypermart,2022-11-13
473539937590,5567854995834474,Non-Online,Retail,7-Eleven,2022-11-07
291955115267,36315781956495,Online,Groceries,Lazada,2022-11-11
781956769592,36315781956495,Non-Online,Groceries,Pet Lovers Centre,2022-11-11
223404729932,36315781956495,Non-Online,Retail,7-Eleven,2022-11-11
140865333026,4691259150857603,Non-Online,Retail,7-Eleven,2022-11-07
809302832465,4102348372563603,Non-Online,Retail,7-Eleven,2022-11-09
280166051188,4762983880536781,Non-Online,Groceries,Don Don Donki,2022-11-13
621037568772,4762983880536781,Non-Online,Groceries,Cold Storage,2022-11-13
485645463105,2264989246010186,Non-Online,Retail,7-Eleven,2022-11-09
356955484020,4789150277397313,Non-Online,Groceries,Don Don Donki,2022-11-13
459869588401,4895907936358106,Non-Online,Retail,7-Eleven,2022-11-07
422488040568,4281653998160533,Non-Online,Retail,7-Eleven,2022-11-08
405130360444,4856975639270146217,Non-Online,Groceries,Don Don Donki,2022-11-13
766788096552,3545298764745614,Non-Online,Retail,7-Eleven,2022-11-10
124809473004,3598384990247413,Non-Online,Groceries,NTUC Fairprice,2022-11-12
470707315195,3598384990247413,Non-Online,Groceries,Giant Hypermart,2022-11-12
512288177387,4361552651174133,Non-Online,Retail,7-Eleven,2022-11-08
374363435160,347675795423889,Online,Groceries,Lazada,2022-11-11
611650500045,347675795423889,Non-Online,Groceries,Kinokuniya,2022-11-11
474020172892,347675795423889,Non-Online,Retail,7-Eleven,2022-11-11
763213796295,3588514681628685,Online,Groceries,Qoo10,2022-11-11
213926363195,3588514681628685,Online,Groceries,Lazada,2022-11-11
237484382797,3588514681628685,Online,Groceries,Qoo10,2022-11-11
584016126673,3588514681628685,Non-Online,Groceries,Pet Lovers Centre,2022-11-11
212167092733,3588514681628685,Non-Online,Groceries,Decathalon,2022-11-11
358522027756,3588514681628685,Non-Online,Groceries,Pet Lovers Centre,2022-11-11
749475680423,3505324218484465,Non-Online,Retail,7-Eleven,2022-11-10
481643831365,180059230997817,Online,Groceries,Zalora,2022-11-11
642454519787,180059230997817,Online,Groceries,eBay,2022-11-11
800228939570,180059230997817,Non-Online,Groceries,Kinokuniya,2022-11-11
839046100105,180059230997817,Non-Online,Groceries,Decathalon,2022-11-11
257239787507,180059230997817,Non-Online,Groceries,Isetan,2022-11-11
137017763171,180059230997817,Non-Online,Retail,7-Eleven,2022-11-11
590455785814,344307935609879,Non-Online,Retail,7-Eleven,2022-11-08
149029853278,4610220614535399905,Non-Online,Retail,7-Eleven,2022-11-07
620955767845,180053390350818,Online,Groceries,Shopee,2022-11-11
572547968056,180053390350818,Online,Groceries,Qoo10,2022-11-11
573481194013,180053390350818,Online,Groceries,eBay,2022-11-11
564380104571,180053390350818,Non-Online,Groceries,Takashimaya,2022-11-11
502247578474,180053390350818,Non-Online,Retail,7-Eleven,2022-11-11
723803802485,4619828427241327,Non-Online,Retail,7-Eleven,2022-11-10
624763072262,30220329916025,Online,Groceries,Qoo10,2022-11-11
899535654432,30220329916025,Non-Online,Groceries,Kinokuniya,2022-11-11
855384543136,30220329916025,Non-Online,Groceries,Isetan,2022-11-11
270269413202,30220329916025,Non-Online,Retail,7-Eleven,2022-11-11
220496066989,4783737238751616,Non-Online,Retail,7-Eleven,2022-11-07
759952076355,503881444601,Non-Online,Retail,7-Eleven,2022-11-07
435219539531,5593407996570494,Non-Online,Retail,7-Eleven,2022-11-09
744898953155,6577420232883512,Non-Online,Retail,7-Eleven,2022-11-10
826171431561,3516332853182960,Non-Online,Retail,7-Eleven,2022-11-07
413650191734,4090060513208824,Non-Online,Retail,7-Eleven,2022-11-10
291197312871,676220513193,Online,Groceries,Zalora,2022-11-11
879936785228,676220513193,Online,Groceries,eBay,2022-11-11
473404867643,676220513193,Non-Online,Groceries,Pet Lovers Centre,2022-11-11
531141588343,676220513193,Non-Online,Groceries,Takashimaya,2022-11-11
245318918591,2720487902276058,Non-Online,Retail,7-Eleven,2022-11-08
204660340924,4157290264463615414,Non-Online,Groceries,Cold Storage,2022-11-13
672189511241,2273444184787329,Non-Online,Retail,7-Eleven,2022-11-10
326046310335,2712778205939560,Online,Groceries,eBay,2022-11-11
529725731509,2712778205939560,Online,Groceries,Shopee,2022-11-11
234079618077,2712778205939560,Online,Groceries,Lazada,2022-11-11
204369712448,2712778205939560,Non-Online,Groceries,Isetan,2022-11-11
499086950492,2712778205939560,Non-Online,Groceries,Kinokuniya,2022-11-11
430396822526,2712778205939560,Non-Online,Groceries,Pet Lovers Centre,2022-11-11
164954117886,4353564503833663800,Non-Online,Groceries,NTUC Fairprice,2022-11-12
797994823212,676396660588,Non-Online,Retail,7-Eleven,2022-11-08
403854198944,378727975595234,Non-Online,Retail,7-Eleven,2022-11-08
685083627379,2361264354364664,Non-Online,Retail,7-Eleven,2022-11-07
736118731019,4956717378870,Non-Online,Retail,7-Eleven,2022-11-09
479850358296,6011309456386365,Non-Online,Retail,7-Eleven,2022-11-08
717778757003,503817456562,Non-Online,Retail,7-Eleven,2022-11-07
870276488886,4038469127762124361,Online,Groceries,Qoo10,2022-11-11
792654777074,4038469127762124361,Online,Groceries,Shopee,2022-11-11
645225236566,4038469127762124361,Online,Groceries,Amazon,2022-11-11
535199553677,4038469127762124361,Non-Online,Groceries,Takashimaya,2022-11-11
452416592541,375095254319707,Non-Online,Retail,7-Eleven,2022-11-08
423338824867,4982325476051894520,Online,Groceries,Shopee,2022-11-11
362576975219,4982325476051894520,Non-Online,Groceries,Pet Lovers Centre,2022-11-11
897185356457,4982325476051894520,Non-Online,Retail,7-Eleven,2022-11-11
658401506945,30091460188520,Non-Online,Retail,7-Eleven,2022-11-08
640867907536,3501672318017039,Non-Online,Groceries,Giant Hypermart,2022-11-12
249119030745,4791552423798607,Non-Online,Retail,7-Eleven,2022-11-07
648175194220,4503437360050395,Non-Online,Groceries,Don Don Donki,2022-11-12
421237107558,3548608590887256,Non-Online,Retail,7-Eleven,2022-11-08
727136891755,4837361968628666,Non-Online,Retail,7-Eleven,2022-11-07
379369760994,4662571504219,Non-Online,Groceries,Cold Storage,2022-11-13
825131142871,4662571504219,Non-Online,Groceries,NTUC Fairprice,2022-11-13
104717356726,4433358668563,Non-Online,Retail,7-Eleven,2022-11-07
866693006294,4031514167636575596,Online,Groceries,Lazada,2022-11-11
451815897404,4031514167636575596,Non-Online,Groceries,Decathalon,2022-11-11
336125349973,4031514167636575596,Non-Online,Groceries,Isetan,2022-11-11
131396330242,4031514167636575596,Non-Online,Retail,7-Eleven,2022-11-11
671310585725,3594688615017330,Non-Online,Retail,7-Eleven,2022-11-10
146414868294,372670984558056,Online,Groceries,Amazon,2022-11-11
382029739178,372670984558056,Online,Groceries,Qoo10,2022-11-11
583837139871,372670984558056,Non-Online,Groceries,Decathalon,2022-11-11
331476559072,372670984558056,Non-Online,Groceries,Pet Lovers Centre,2022-11-11
479571333188,372670984558056,Non-Online,Groceries,Decathalon,2022-11-11
142827237506,372670984558056,Non-Online,Retail,7-Eleven,2022-11-11
851263674390,374124545005973,Non-Online,Retail,7-Eleven,2022-11-08
856964865502,6011318853394138,Non-Online,Groceries,Don Don Donki,2022-11-12
207541548755,378061240787214,Non-Online,Groceries,Don Don Donki,2022-11-13
271904703809,378061240787214,Non-Online,Groceries,Cold Storage,2022-11-13
716940743532,060437330651,Non-Online,Retail,7-Eleven,2022-11-07
748281267607,502072289387,Non-Online,Groceries,Giant Hypermart,2022-11-13
608366151246,502072289387,Non-Online,Groceries,Don Don Donki,2022-11-13
212159220618,2283923065829571,Non-Online,Retail,7-Eleven,2022-11-07
694213909113,180009663281312,Non-Online,Groceries,Giant Hypermart,2022-11-13
528631221642,372960402844828,Non-Online,Groceries,Giant Hypermart,2022-11-12
340672461211,3524246266293620,Non-Online,Retail,7-Eleven,2022-11-08
611437690933,6011973702315138,Online,Groceries,Zalora,2022-11-11
326712243240,6011973702315138,Non-Online,Groceries,Pet Lovers Centre,2022-11-11
325263186062,348458771105138,Non-Online,Retail,7-Eleven,2022-11-08
774167903146,4028105544143021523,Non-Online,Retail,7-Eleven,2022-11-10
536825544452,344523081024826,Non-Online,Retail,7-Eleven,2022-11-08
635328654454,2261843311025970,Non-Online,Retail,7-Eleven,2022-11-10
206575949681,30019006971901,Non-Online,Retail,7-Eleven,2022-11-08
891273395803,4649036449320,Non-Online,Retail,7-Eleven,2022-11-08
557395969515,3574141132222144,Non-Online,Groceries,NTUC Fairprice,2022-11-13
838629249790,3574141132222144,Non-Online,Groceries,Giant Hypermart,2022-11-13
503842390965,4961187586932405055,Non-Online,Retail,7-Eleven,2022-11-08
543214486610,213187943547701,Online,Groceries,Zalora,2022-11-11
625332917641,213187943547701,Online,Groceries,Zalora,2022-11-11
722742639747,213187943547701,Non-Online,Groceries,Kinokuniya,2022-11-11
384871144412,213187943547701,Non-Online,Groceries,Takashimaya,2022-11-11
585534178166,213187943547701,Non-Online,Retail,7-Eleven,2022-11-11
530974375683,38027110237459,Non-Online,Groceries,Don Don Donki,2022-11-13
743865015213,3597517289132868,Non-Online,Retail,7-Eleven,2022-11-10
514998697807,4524585224227045899,Online,Groceries,eBay,2022-11-11
278123327240,4524585224227045899,Non-Online,Groceries,Takashimaya,2022-11-11
673310410560,180061712595366,Non-Online,Retail,7-Eleven,2022-11-08
262254280850,4271986803003515382,Online,Groceries,Qoo10,2022-11-11
648595045061,4271986803003515382,Non-Online,Groceries,Kinokuniya,2022-11-11
532834926537,4271986803003515382,Non-Online,Groceries,Pet Lovers Centre,2022-11-11
137723297437,4271986803003515382,Non-Online,Groceries,Decathalon,2022-11-11
191482987337,3510396098760175,Non-Online,Retail,7-Eleven,2022-11-10
648370946969,4352118303596718344,Non-Online,Groceries,Don Don Donki,2022-11-13
611545512009,340055750207477,Non-Online,Groceries,Cold Storage,2022-11-12
831793730333,340055750207477,Non-Online,Groceries,Giant Hypermart,2022-11-12
791006343029,4972894610114482,Online,Groceries,Amazon,2022-11-11
573424381427,4972894610114482,Non-Online,Groceries,Decathalon,2022-11-11
865287165935,4972894610114482,Non-Online,Retail,7-Eleven,2022-11-11
678926171098,4852552666845715,Non-Online,Retail,7-Eleven,2022-11-09
427895389063,4572091672561486,Online,Groceries,Qoo10,2022-11-11
135348006973,4572091672561486,Online,Groceries,Zalora,2022-11-11
320088203259,4572091672561486,Online,Groceries,Lazada,2022-11-11
379016799845,4572091672561486,Non-Online,Groceries,Isetan,2022-11-11
861087333322,4572091672561486,Non-Online,Groceries,Takashimaya,2022-11-11
236530589359,4768882168266710983,Online,Groceries,Shopee,2022-11-11
555393094616,4768882168266710983,Non-Online,Groceries,Isetan,2022-11-11
404932220289,4768882168266710983,Non-Online,Groceries,Pet Lovers Centre,2022-11-11
815355685230,4768882168266710983,Non-Online,Groceries,Isetan,2022-11-11
560691599795,4768882168266710983,Non-Online,Retail,7-Eleven,2022-11-11
347085207768,4911666281954479874,Non-Online,Retail,7-Eleven,2022-11-07
886370443167,6563699634798784,Non-Online,Groceries,Giant Hypermart,2022-11-12
222126440967,6563699634798784,Non-Online,Groceries,Cold Storage,2022-11-12
103265417662,4062988279384480416,Non-Online,Retail,7-Eleven,2022-11-07
740605850009,4513329043416,Non-Online,Retail,7-Eleven,2022-11-10
859833081434,2379025924643360,Online,Groceries,Amazon,2022-11-11
878254382413,2379025924643360,Online,Groceries,Lazada,2022-11-11
147756759767,2379025924643360,Online,Groceries,Shopee,2022-11-11
386124425842,2379025924643360,Non-Online,Groceries,Kinokuniya,2022-11-11
409379191798,2379025924643360,Non-Online,Retail,7-Eleven,2022-11-11
747901262867,4807772748210137406,Non-Online,Retail,7-Eleven,2022-11-10
527574125513,060445168457,Non-Online,Retail,7-Eleven,2022-11-07
464272781469,568967944840,Online,Groceries,eBay,2022-11-11
168628888495,568967944840,Non-Online,Groceries,Pet Lovers Centre,2022-11-11
615818314139,568967944840,Non-Online,Retail,7-Eleven,2022-11-11
692353179912,630466362807,Non-Online,Retail,7-Eleven,2022-11-08
755510807991,4410070389121673,Online,Groceries,Zalora,2022-11-11
641067917421,4410070389121673,Online,Groceries,Qoo10,2022-11-11
390733956383,4410070389121673,Non-Online,Groceries,Pet Lovers Centre,2022-11-11
681858067499,4410070389121673,Non-Online,Groceries,Pet Lovers Centre,2022-11-11
720743477805,4410070389121673,Non-Online,Groceries,Takashimaya,2022-11-11
551605763446,4410070389121673,Non-Online,Retail,7-Eleven,2022-11-11
550781915530,566847209251,Non-Online,Groceries,NTUC Fairprice,2022-11-12
203050754181,566847209251,Non-Online,Groceries,Cold Storage,2022-11-12
209942416865,4493128588328714914,Non-Online,Retail,7-Eleven,2022-11-09
167152219212,3586898683646312,Online,Groceries,Shopee,2022-11-11
433207339582,3586898683646312,Non-Online,Groceries,Isetan,2022-11-11
670864770749,3586898683646312,Non-Online,Groceries,Pet Lovers Centre,2022-11-11
237451601908,676115026467,Non-Online,Retail,7-Eleven,2022-11-10
167917075835,4719745829771,Non-Online,Retail,7-Eleven,2022-11-10
450408867553,4638904748012,Non-Online,Retail,7-Eleven,2022-11-10
463493733083,180069929660345,Non-Online,Retail,7-Eleven,2022-11-07
265144153256,4606324847730,Non-Online,Retail,7-Eleven,2022-11-07
817340042775,30308339899362,Non-Online,Groceries,Cold Storage,2022-11-12
576138011294,30308339899362,Non-Online,Groceries,Don Don Donki,2022-11-12
687322900188,6571124506417439,Non-Online,Retail,7-Eleven,2022-11-09
288497575360,6011433495467109,Non-Online,Retail,7-Eleven,2022-11-08
572752014930,4135500990122,Non-Online,Retail,7-Eleven,2022-11-08
135972098842,3594673333596708,Online,Groceries,Lazada,2022-11-11
404430838578,3594673333596708,Online,Groceries,Zalora,2022-11-11
685119147152,3594673333596708,Non-Online,Groceries,Decathalon,2022-11-11
573889983884,4741092705941,Non-Online,Groceries,NTUC Fairprice,2022-11-12
754042763502,5531833971439535,Non-Online,Retail,7-Eleven,2022-11-08
811896196715,6565414108974749,Non-Online,Groceries,Don Don Donki,2022-11-12
598080438160,4327028162772627,Non-Online,Retail,7-Eleven,2022-11-10
677878073683,2673072925354715,Non-Online,Groceries,Don Don Donki,2022-11-13
351584995524,3523984696924213,Non-Online,Retail,7-Eleven,2022-11-09
210382230124,3507439745334112,Non-Online,Retail,7-Eleven,2022-11-08
586964069208,180089783517282,Non-Online,Retail,7-Eleven,2022-11-08
854293667919,4671175189966327169,Non-Online,Groceries,Giant Hypermart,2022-11-12
815935065309,4671175189966327169,Non-Online,Groceries,Giant Hypermart,2022-11-12
191724518152,3556679414226939,Non-Online,Retail,7-Eleven,2022-11-10
161170477140,3542312389394923,Online,Groceries,Zalora,2022-11-11
485778482037,3542312389394923,Online,Groceries,Shopee,2022-11-11
348422774284,3542312389394923,Non-Online,Groceries,Decathalon,2022-11-11
776470221572,3542312389394923,Non-Online,Groceries,Pet Lovers Centre,2022-11-11
258561399411,3542312389394923,Non-Online,Groceries,Takashimaya,2022-11-11
628287926116,3542312389394923,Non-Online,Retail,7-Eleven,2022-11-11
733499832638,4254221465713755,Non-Online,Groceries,NTUC Fairprice,2022-11-13
629256237896,4254221465713755,Non-Online,Groceries,Giant Hypermart,2022-11-13
375876300149,6011172829461517,Non-Online,Retail,7-Eleven,2022-11-07
610283739546,5569591336542527,Non-Online,Retail,7-Eleven,2022-11-10
663432112468,571913472502,Non-Online,Retail,7-Eleven,2022-11-09
325107542766,503853858457,Non-Online,Retail,7-Eleven,2022-11-08
103765818231,3513012157762435,Non-Online,Retail,7-Eleven,2022-11-09
185352656880,2497501310110294,Non-Online,Retail,7-Eleven,2022-11-07
348718035176,3555134583589411,Non-Online,Groceries,Don Don Donki,2022-11-12
399189250083,3555134583589411,Non-Online,Groceries,NTUC Fairprice,2022-11-12
785814716300,501817319319,Non-Online,Retail,7-Eleven,2022-11-09
623435642048,4077045244429005239,Online,Groceries,Amazon,2022-11-11
758819738114,4077045244429005239,Online,Groceries,Qoo10,2022-11-11
720411224286,4077045244429005239,Non-Online,Groceries,Decathalon,2022-11-11
344532117691,2265319282259944,Non-Online,Groceries,Cold Storage,2022-11-13
295127059333,342645974113184,Non-Online,Retail,7-Eleven,2022-11-08
272219945970,2244976826652664,Non-Online,Groceries,NTUC Fairprice,2022-11-13
307745593696,340991730564217,Non-Online,Retail,7-Eleven,2022-11-10
397543478100,3564042668660636,Non-Online,Retail,7-Eleven,2022-11-08
761137033712,38317974737540,Non-Online,Retail,7-Eleven,2022-11-07
594737942038,3587999974367011,Non-Online,Retail,7-Eleven,2022-11-09
524391818929,3530501687237644,Online,Groceries,Lazada,2022-11-11
794384997398,3530501687237644,Non-Online,Groceries,Decathalon,2022-11-11
133902777487,4053385701888573,Non-Online,Groceries,NTUC Fairprice,2022-11-12
763632335399,38977281366257,Online,Groceries,Shopee,2022-11-11
179425660248,38977281366257,Online,Groceries,Amazon,2022-11-11
613985332037,38977281366257,Non-Online,Groceries,Takashimaya,2022-11-11
456456343226,4170889815742293,Non-Online,Groceries,Giant Hypermart,2022-11-13
785401941673,3518218156433564,Non-Online,Retail,7-Eleven,2022-11-09
627219031184,30010758312899,Non-Online,Groceries,NTUC Fairprice,2022-11-12
610427016183,30010758312899,Non-Online,Groceries,Giant Hypermart,2022-11-12
325621860316,30468457559592,Non-Online,Groceries,NTUC Fairprice,2022-11-12
878222474272,30468457559592,Non-Online,Groceries,NTUC Fairprice,2022-11-12
614340117814,3565530377604886,Online,Groceries,Qoo10,2022-11-11
525580012714,3565530377604886,Non-Online,Groceries,Isetan,2022-11-11
367105075276,3565530377604886,Non-Online,Groceries,Decathalon,2022-11-11
884370121640,3565530377604886,Non-Online,Groceries,Isetan,2022-11-11
216682306774,4108860268449253,Online,Groceries,Shopee,2022-11-11
858868342361,4108860268449253,Online,Groceries,Lazada,2022-11-11
160880616064,4108860268449253,Online,Groceries,Qoo10,2022-11-11
634570003647,4108860268449253,Non-Online,Groceries,Pet Lovers Centre,2022-11-11
321943914636,4108860268449253,Non-Online,Groceries,Kinokuniya,2022-11-11
892948263120,4108860268449253,Non-Online,Retail,7-Eleven,2022-11-11
393920859939,377006350580868,Non-Online,Retail,7-Eleven,2022-11-07
276273309596,6011102828716264,Non-Online,Groceries,Giant Hypermart,2022-11-13
377684034767,6011102828716264,Non-Online,Groceries,Don Don Donki,2022-11-13
475878787643,4281085419382,Non-Online,Groceries,Don Don Donki,2022-11-13
752946471981,4281085419382,Non-Online,Groceries,Don Don Donki,2022-11-13
204815897075,4975127223849,Non-Online,Groceries,NTUC Fairprice,2022-11-12
656909931811,6011996763329755,Non-Online,Retail,7-Eleven,2022-11-07
457704532094,6011425570773989,Online,Groceries,Shopee,2022-11-11
423730110862,6011425570773989,Online,Groceries,Amazon,2022-11-11
788401269774,6011425570773989,Non-Online,Groceries,Decathalon,2022-11-11
325359106218,6011425570773989,Non-Online,Retail,7-Eleven,2022-11-11
662617985711,3529392489178068,Non-Online,Groceries,Don Don Donki,2022-11-13
338243316881,3529392489178068,Non-Online,Groceries,Don Don Donki,2022-11-13
184050818702,6011295293706966,Non-Online,Groceries,NTUC Fairprice,2022-11-13
660720461114,4713310669964150,Non-Online,Groceries,Don Don Donki,2022-11-12
835165660861,2322266418810267,Non-Online,Retail,7-Eleven,2022-11-08
664534689747,30023089967760,Non-Online,Retail,7-Eleven,2022-11-09
358269699354,578650977643,Non-Online,Retail,7-Eleven,2022-11-07
250375112122,213111955251036,Non-Online,Retail,7-Eleven,2022-11-10
358610092327,2720284718296317,Non-Online,Retail,7-Eleven,2022-11-09
308243545525,3522679815102656,Non-Online,Groceries,Don Don Donki,2022-11-12
461409361149,3522679815102656,Non-Online,Groceries,Don Don Donki,2022-11-12
807496747799,4324245119953,Non-Online,Retail,7-Eleven,2022-11-08
860174834983,3559241706895041,Non-Online,Retail,7-Eleven,2022-11-08
390081868103,213117811319362,Non-Online,Retail,7-Eleven,2022-11-09
746917165118,6011251321012455,Online,Groceries,Shopee,2022-11-11
585796185609,6011251321012455,Non-Online,Groceries,Pet Lovers Centre,2022-11-11
156086678164,6011251321012455,Non-Online,Groceries,Takashimaya,2022-11-11
196838468240,6011251321012455,Non-Online,Groceries,Decathalon,2022-11-11
224064677365,6011251321012455,Non-Online,Retail,7-Eleven,2022-11-11
570208138585,3567033873793913,Online,Groceries,Qoo10,2022-11-11
817675260327,3567033873793913,Non-Online,Groceries,Decathalon,2022-11-11
140207255754,3567033873793913,Non-Online,Groceries,Takashimaya,2022-11-11
675340651115,3545384573372293,Non-Online,Groceries,Giant Hypermart,2022-11-12
285444581019,4992263751463025597,Non-Online,Retail,7-Eleven,2022-11-08
188761665105,4183263641826909,Non-Online,Groceries,Don Don Donki,2022-11-13
875002036333,676266926382,Non-Online,Retail,7-Eleven,2022-11-07
566970974289,341044894973045,Non-Online,Groceries,Cold Storage,2022-11-13
468383909028,341044894973045,Non-Online,Groceries,Don Don Donki,2022-11-13
514586007929,6011125743001389,Non-Online,Retail,7-Eleven,2022-11-07
188995158693,501816138991,Non-Online,Groceries,Cold Storage,2022-11-12
373037273163,501816138991,Non-Online,Groceries,Giant Hypermart,2022-11-12
624319202004,503877580558,Non-Online,Retail,7-Eleven,2022-11-10
115789133805,30428552514108,Non-Online,Retail,7-Eleven,2022-11-08
703775180350,213157095854312,Non-Online,Groceries,Giant Hypermart,2022-11-12
185450967637,6535517272918867,Non-Online,Retail,7-Eleven,2022-11-10
733396436705,675968375351,Online,Groceries,eBay,2022-11-11
714893856625,675968375351,Online,Groceries,Zalora,2022-11-11
310441740036,675968375351,Non-Online,Groceries,Isetan,2022-11-11
582057556018,675968375351,Non-Online,Groceries,Kinokuniya,2022-11-11
681140387778,675968375351,Non-Online,Retail,7-Eleven,2022-11-11
754248788770,4000527392571,Non-Online,Retail,7-Eleven,2022-11-07
877022088435,2292611315637188,Non-Online,Retail,7-Eleven,2022-11-09
124586724865,564090807244,Non-Online,Retail,7-Eleven,2022-11-08
548658271101,4606024368989745,Non-Online,Retail,7-Eleven,2022-11-07
673638015451,374293447517102,Non-Online,Groceries,Don Don Donki,2022-11-12
140694225377,374293447517102,Non-Online,Groceries,Cold Storage,2022-11-12
578546655199,5371421216629988,Online,Groceries,Lazada,2022-11-11
659894590914,5371421216629988,Non-Online,Groceries,Kinokuniya,2022-11-11
870682034535,5371421216629988,Non-Online,Groceries,Pet Lovers Centre,2022-11-11
377533845386,5371421216629988,Non-Online,Groceries,Decathalon,2022-11-11
808598267219,5371421216629988,Non-Online,Retail,7-Eleven,2022-11-11
210244014926,213144615500674,Online,Groceries,Shopee,2022-11-11
356212042318,213144615500674,Non-Online,Groceries,Takashimaya,2022-11-11
151171753938,213144615500674,Non-Online,Groceries,Pet Lovers Centre,2022-11-11
880397151855,213144615500674,Non-Online,Groceries,Isetan,2022-11-11
870545255977,213144615500674,Non-Online,Retail,7-Eleven,2022-11-11
436396479101,213149584420671,Non-Online,Retail,7-Eleven,2022-11-09
607874668973,4343499612174,Online,Groceries,eBay,2022-11-11
738045494198,4343499612174,Non-Online,Groceries,Kinokuniya,2022-11-11
386480814864,4112400785598938,Online,Groceries,Shopee,2022-11-11
457108353183,4112400785598938,Online,Groceries,Qoo10,2022-11-11
456362481673,4112400785598938,Non-Online,Groceries,Isetan,2022-11-11
417757779690,4112400785598938,Non-Online,Groceries,Takashimaya,2022-11-11
247249996285,4112400785598938,Non-Online,Retail,7-Eleven,2022-11-11
460586276577,4772620041394787,Non-Online,Groceries,NTUC Fairprice,2022-11-12
634912145330,4772620041394787,Non-Online,Groceries,Don Don Donki,2022-11-12
426920010227,4685988042830398,Non-Online,Groceries,NTUC Fairprice,2022-11-13
342988927439,4685988042830398,Non-Online,Groceries,NTUC Fairprice,2022-11-13
806616125061,30418596032597,Non-Online,Retail,7-Eleven,2022-11-09
595607034229,6011771035739366,Online,Groceries,Zalora,2022-11-11
360951023485,6011771035739366,Non-Online,Groceries,Kinokuniya,2022-11-11
627696185269,6011771035739366,Non-Online,Groceries,Kinokuniya,2022-11-11
482791616188,6011771035739366,Non-Online,Groceries,Kinokuniya,2022-11-11
764848710193,6011771035739366,Non-Online,Retail,7-Eleven,2022-11-11
741335420346,502033428090,Non-Online,Groceries,Don Don Donki,2022-11-13
242996778767,502033428090,Non-Online,Groceries,Giant Hypermart,2022-11-13
511290269529,30435762935825,Non-Online,Retail,7-Eleven,2022-11-09
868189881038,562420670183,Non-Online,Retail,7-Eleven,2022-11-09
192274477520,4154447620155100,Non-Online,Retail,7-Eleven,2022-11-07
395959254275,4983250177709,Non-Online,Retail,7-Eleven,2022-11-10
331196100891,6011734196755365,Online,Groceries,eBay,2022-11-11
528338439314,6011734196755365,Online,Groceries,Shopee,2022-11-11
278974102480,6011734196755365,Online,Groceries,Shopee,2022-11-11
567617577472,6011734196755365,Non-Online,Groceries,Takashimaya,2022-11-11
240707838253,6011734196755365,Non-Online,Retail,7-Eleven,2022-11-11
886732002181,501862747273,Non-Online,Retail,7-Eleven,2022-11-08
167206363299,30290235159903,Non-Online,Groceries,Cold Storage,2022-11-12
420213309106,30290235159903,Non-Online,Groceries,NTUC Fairprice,2022-11-12
623484508186,3536166363701901,Non-Online,Retail,7-Eleven,2022-11-09
101996591959,4767834355807634,Non-Online,Groceries,NTUC Fairprice,2022-11-13
504546563927,3535276669684502,Non-Online,Retail,7-Eleven,2022-11-10
632694891672,4348577957321607,Online,Groceries,Amazon,2022-11-11
440298858783,4348577957321607,Non-Online,Groceries,Takashimaya,2022-11-11
688890659365,4348577957321607,Non-Online,Groceries,Pet Lovers Centre,2022-11-11
804957027777,4348577957321607,Non-Online,Groceries,Takashimaya,2022-11-11
790744212520,4348577957321607,Non-Online,Retail,7-Eleven,2022-11-11
519279613374,4460394457185611,Online,Groceries,Shopee,2022-11-11
801232209984,4460394457185611,Online,Groceries,Lazada,2022-11-11
702863122623,4460394457185611,Non-Online,Groceries,Pet Lovers Centre,2022-11-11
243215753164,4460394457185611,Non-Online,Retail,7-Eleven,2022-11-11
555702425633,4950441741651,Non-Online,Retail,7-Eleven,2022-11-09
516868146568,676279682972,Non-Online,Groceries,Giant Hypermart,2022-11-12
113112949739,676279682972,Non-Online,Groceries,NTUC Fairprice,2022-11-12
247171771447,180015838330314,Non-Online,Retail,7-Eleven,2022-11-08
457248153848,30167658426763,Non-Online,Groceries,Giant Hypermart,2022-11-13
787873846425,4920321098670702696,Non-Online,Groceries,NTUC Fairprice,2022-11-12
498471527303,5584476976189055,Non-Online,Retail,7-Eleven,2022-11-07
672627391047,6544790934190899,Non-Online,Groceries,Don Don Donki,2022-11-12
562370953311,6544790934190899,Non-Online,Groceries,Giant Hypermart,2022-11-12
821003889118,4257925287916,Non-Online,Groceries,Don Don Donki,2022-11-13
255504632412,3551392857386278,Non-Online,Retail,7-Eleven,2022-11-10
412026108973,4371273329160,Online,Groceries,Shopee,2022-11-11
718023348650,4371273329160,Online,Groceries,Shopee,2022-11-11
284334663664,4371273329160,Online,Groceries,eBay,2022-11-11
464326607342,4371273329160,Non-Online,Groceries,Decathalon,2022-11-11
329836540309,4371273329160,Non-Online,Groceries,Isetan,2022-11-11
155805698124,4371273329160,Non-Online,Groceries,Decathalon,2022-11-11
716011705963,4371273329160,Non-Online,Retail,7-Eleven,2022-11-11
463609584994,4505991503255,Non-Online,Retail,7-Eleven,2022-11-09
562068874684,3567791127533951,Non-Online,Groceries,NTUC Fairprice,2022-11-12
326586815017,676371761195,Online,Groceries,Lazada,2022-11-11
653963925430,676371761195,Non-Online,Groceries,Takashimaya,2022-11-11
101933418881,676371761195,Non-Online,Retail,7-Eleven,2022-11-11
547427512832,4988196605422023236,Non-Online,Retail,7-Eleven,2022-11-08
631035888590,180087363625129,Non-Online,Groceries,Giant Hypermart,2022-11-13
843898853412,372232640829221,Online,Groceries,Zalora,2022-11-11
811851566698,372232640829221,Online,Groceries,Amazon,2022-11-11
161144217917,372232640829221,Non-Online,Groceries,Kinokuniya,2022-11-11
459759620047,372232640829221,Non-Online,Retail,7-Eleven,2022-11-11
358580971073,588448185474,Online,Groceries,Zalora,2022-11-11
716015404278,588448185474,Online,Groceries,Qoo10,2022-11-11
630141855895,588448185474,Non-Online,Groceries,Takashimaya,2022-11-11
255678059981,588448185474,Non-Online,Groceries,Kinokuniya,2022-11-11
390188567747,588448185474,Non-Online,Groceries,Decathalon,2022-11-11
876626938399,588448185474,Non-Online,Retail,7-Eleven,2022-11-11
126248063504,3507305069039548,Non-Online,Retail,7-Eleven,2022-11-07
668356105623,4255134725098031849,Non-Online,Retail,7-Eleven,2022-11-09
694599267052,3505893039450285,Online,Groceries,Amazon,2022-11-11
652132431802,3505893039450285,Non-Online,Groceries,Decathalon,2022-11-11
180650019479,3505893039450285,Non-Online,Groceries,Pet Lovers Centre,2022-11-11
277269473124,3505893039450285,Non-Online,Groceries,Kinokuniya,2022-11-11
331164347378,3513638503991144,Non-Online,Groceries,Don Don Donki,2022-11-12
877837477347,3513638503991144,Non-Online,Groceries,Cold Storage,2022-11-12
272665234430,2252688056874483,Non-Online,Retail,7-Eleven,2022-11-10
399773651763,5367760121713395,Online,Groceries,Shopee,2022-11-11
829242738688,5367760121713395,Non-Online,Groceries,Decathalon,2022-11-11
584986334545,5367760121713395,Non-Online,Groceries,Takashimaya,2022-11-11
709636009890,5367760121713395,Non-Online,Retail,7-Eleven,2022-11-11
567150283356,3597394660755737,Non-Online,Retail,7-Eleven,2022-11-09
858620507642,4922346349898134,Non-Online,Retail,7-Eleven,2022-11-09
113673685688,3590997806959711,Online,Groceries,Amazon,2022-11-11
861034610017,3590997806959711,Online,Groceries,eBay,2022-11-11
438881133941,3590997806959711,Non-Online,Groceries,Isetan,2022-11-11
790717467932,3590997806959711,Non-Online,Retail,7-Eleven,2022-11-11
265903616773,4100717262502768,Non-Online,Groceries,Cold Storage,2022-11-13
813085707627,4100717262502768,Non-Online,Groceries,Giant Hypermart,2022-11-13
112595438739,3547583831246508,Non-Online,Groceries,Don Don Donki,2022-11-12
886491373305,3560491928561445,Online,Groceries,Qoo10,2022-11-11
625462300019,3560491928561445,Non-Online,Groceries,Decathalon,2022-11-11
722792155614,3560491928561445,Non-Online,Groceries,Isetan,2022-11-11
508005901755,3560491928561445,Non-Online,Retail,7-Eleven,2022-11-11
877648283667,4933288673625880,Non-Online,Groceries,Cold Storage,2022-11-12
371728650741,4933288673625880,Non-Online,Groceries,Giant Hypermart,2022-11-12
668276103707,36691116780259,Non-Online,Groceries,Giant Hypermart,2022-11-12
239487045973,36691116780259,Non-Online,Groceries,NTUC Fairprice,2022-11-12
163314303587,213171336017613,Non-Online,Groceries,Cold Storage,2022-11-13
458859474224,3518412247304542,Non-Online,Retail,7-Eleven,2022-11-07
862766981231,501808914797,Non-Online,Retail,7-Eleven,2022-11-07
797587193710,4968491989087,Non-Online,Retail,7-Eleven,2022-11-09
442984914119,3568449481684550,Non-Online,Retail,7-Eleven,2022-11-10
425464649118,30377882418375,Online,Groceries,eBay,2022-11-11
419053391039,30377882418375,Online,Groceries,Shopee,2022-11-11
208575933023,30377882418375,Non-Online,Groceries,Pet Lovers Centre,2022-11-11
562279066651,4143441131536282,Online,Groceries,Shopee,2022-11-11
383547391144,4143441131536282,Non-Online,Groceries,Isetan,2022-11-11
150865001266,4143441131536282,Non-Online,Groceries,Decathalon,2022-11-11
127307394721,4143441131536282,Non-Online,Groceries,Decathalon,2022-11-11
728185302320,2618222806942660,Non-Online,Retail,7-Eleven,2022-11-10
606239567122,4644778430315,Non-Online,Retail,7-Eleven,2022-11-08
860564425382,3561290045224294,Non-Online,Retail,7-Eleven,2022-11-07
704314593029,4910985432174,Non-Online,Retail,7-Eleven,2022-11-10
263849020940,36670086955810,Non-Online,Groceries,Don Don Donki,2022-11-13
673293202896,36670086955810,Non-Online,Groceries,Giant Hypermart,2022-11-13
739881454950,6556302978443583,Non-Online,Groceries,Giant Hypermart,2022-11-13
880083424521,370219265434488,Non-Online,Retail,7-Eleven,2022-11-07
730079646328,4728001593031348,Non-Online,Groceries,Giant Hypermart,2022-11-13
293054415561,4728001593031348,Non-Online,Groceries,NTUC Fairprice,2022-11-13
251666937962,4404936384601,Non-Online,Retail,7-Eleven,2022-11-07
506651611778,4936990216176902,Non-Online,Retail,7-Eleven,2022-11-09
735095026333,4841902457673,Non-Online,Groceries,Don Don Donki,2022-11-13
543776776890,4531138610975219,Non-Online,Groceries,NTUC Fairprice,2022-11-12
379837536145,180098632047631,Non-Online,Groceries,Cold Storage,2022-11-12
858961913791,180098632047631,Non-Online,Groceries,NTUC Fairprice,2022-11-12
714568383810,4131981197782,Non-Online,Retail,7-Eleven,2022-11-08
388678569586,6011358667124263,Non-Online,Groceries,NTUC Fairprice,2022-11-13
754949765496,6011358667124263,Non-Online,Groceries,Don Don Donki,2022-11-13
560830047407,376490228307723,Non-Online,Retail,7-Eleven,2022-11-09
582469011150,2293177339980771,Online,Groceries,eBay,2022-11-11
354324325827,2293177339980771,Non-Online,Groceries,Kinokuniya,2022-11-11
761671377548,2293177339980771,Non-Online,Groceries,Isetan,2022-11-11
327030504859,213123051164419,Non-Online,Groceries,Don Don Donki,2022-11-13
314689226210,213123051164419,Non-Online,Groceries,Don Don Donki,2022-11-13
393711255885,4860101330841930,Non-Online,Groceries,Giant Hypermart,2022-11-13
666756845830,4860101330841930,Non-Online,Groceries,Giant Hypermart,2022-11-13
210305472424,4848511649194,Online,Groceries,Amazon,2022-11-11
334681071175,4848511649194,Non-Online,Groceries,Isetan,2022-11-11
498700819086,4921559395261091831,Non-Online,Retail,7-Eleven,2022-11-07
386532575089,213195351545596,Non-Online,Retail,7-Eleven,2022-11-07
705179032775,30229174889534,Online,Groceries,Amazon,2022-11-11
880173969390,30229174889534,Online,Groceries,Zalora,2022-11-11
788610815484,30229174889534,Online,Groceries,Shopee,2022-11-11
553968987209,30229174889534,Non-Online,Groceries,Decathalon,2022-11-11
725542424328,30229174889534,Non-Online,Groceries,Decathalon,2022-11-11
595418652003,30229174889534,Non-Online,Groceries,Takashimaya,2022-11-11
444677656504,30229174889534,Non-Online,Retail,7-Eleven,2022-11-11
299414211980,3547802918467377,Non-Online,Groceries,Cold Storage,2022-11-12
531511144850,3578072908199883,Non-Online,Retail,7-Eleven,2022-11-10
484645892641,30359797190265,Non-Online,Retail,7-Eleven,2022-11-10
592279742585,30227879174269,Online,Groceries,eBay,2022-11-11
241618083887,30227879174269,Non-Online,Groceries,Isetan,2022-11-11
646069280921,30227879174269,Non-Online,Groceries,Isetan,2022-11-11
725747777959,30227879174269,Non-Online,Groceries,Kinokuniya,2022-11-11
610853547463,30227879174269,Non-Online,Retail,7-Eleven,2022-11-11
348157032043,503816305562,Online,Groceries,Qoo10,2022-11-11
615722520986,503816305562,Online,Groceries,Lazada,2022-11-11
212607505492,503816305562,Online,Groceries,Zalora,2022-11-11
508815760450,503816305562,Non-Online,Groceries,Kinokuniya,2022-11-11
274843992832,503816305562,Non-Online,Retail,7-Eleven,2022-11-11
344937947980,30152973817854,Non-Online,Retail,7-Eleven,2022-11-08
749352728251,36215632780781,Non-Online,Retail,7-Eleven,2022-11-09
175428280292,30382487725810,Non-Online,Retail,7-Eleven,2022-11-07
847741783317,2301441180323485,Online,Groceries,Lazada,2022-11-11
205588331022,2301441180323485,Non-Online,Groceries,Kinokuniya,2022-11-11
641167436153,2301441180323485,Non-Online,Groceries,Isetan,2022-11-11
381321685050,2301441180323485,Non-Online,Groceries,Takashimaya,2022-11-11
718602214155,2301441180323485,Non-Online,Retail,7-Eleven,2022-11-11
304308957068,4194885254199591,Non-Online,Groceries,Giant Hypermart,2022-11-12
424167724406,4194885254199591,Non-Online,Groceries,Don Don Donki,2022-11-12
549068721748,503882999280,Non-Online,Retail,7-Eleven,2022-11-07
276095332001,4139230844696681,Non-Online,Groceries,Cold Storage,2022-11-13
260953700872,3557503856990175,Non-Online,Retail,7-Eleven,2022-11-10
466118169967,4451924515183,Non-Online,Groceries,Don Don Donki,2022-11-13
849378516673,4451924515183,Non-Online,Groceries,NTUC Fairprice,2022-11-13
543943526963,180076502504683,Non-Online,Retail,7-Eleven,2022-11-07
610489627384,4140192507633681,Non-Online,Groceries,Cold Storage,2022-11-12
231761541998,4909943908059152,Non-Online,Groceries,Don Don Donki,2022-11-12
864691388389,3510252090301791,Non-Online,Retail,7-Eleven,2022-11-09
160322405379,2267243122542616,Non-Online,Retail,7-Eleven,2022-11-09
326495783458,30113601163640,Non-Online,Retail,7-Eleven,2022-11-09
579710950033,6539983750022125,Non-Online,Retail,7-Eleven,2022-11-08
386271819143,4206812404233985,Non-Online,Groceries,Don Don Donki,2022-11-12
203372962039,4206812404233985,Non-Online,Groceries,NTUC Fairprice,2022-11-12
657970941529,30254560623644,Non-Online,Groceries,NTUC Fairprice,2022-11-13
324442521942,4895775380231339,Non-Online,Groceries,NTUC Fairprice,2022-11-13
272480631010,6577937371227052,Non-Online,Retail,7-Eleven,2022-11-07
328305054049,3559735765917059,Non-Online,Retail,7-Eleven,2022-11-07
545169307348,6549142720840243,Non-Online,Retail,7-Eleven,2022-11-07
847265135761,345762095814074,Non-Online,Retail,7-Eleven,2022-11-10
332128565067,4372366785888,Non-Online,Retail,7-Eleven,2022-11-09
388325530373,3548498999887168,Non-Online,Retail,7-Eleven,2022-11-10
512544810505,503843851091,Online,Groceries,Amazon,2022-11-11
760295868614,503843851091,Non-Online,Groceries,Pet Lovers Centre,2022-11-11
848352785737,503843851091,Non-Online,Retail,7-Eleven,2022-11-11
495253683102,6524224828812321,Non-Online,Retail,7-Eleven,2022-11-08
458909117801,36359444566796,Non-Online,Retail,7-Eleven,2022-11-09
499570227356,5127758658539572,Non-Online,Retail,7-Eleven,2022-11-09
541832678518,6544257075416889,Non-Online,Retail,7-Eleven,2022-11-10
428505826939,6542749795934516,Online,Groceries,Zalora,2022-11-11
281213969660,6542749795934516,Non-Online,Groceries,Takashimaya,2022-11-11
340662560269,6542749795934516,Non-Online,Groceries,Takashimaya,2022-11-11
376220816898,6542749795934516,Non-Online,Groceries,Pet Lovers Centre,2022-11-11
571073956897,213185937833137,Non-Online,Groceries,Cold Storage,2022-11-12
177496889975,4132508619482651,Non-Online,Retail,7-Eleven,2022-11-08
255857507362,30279887983694,Non-Online,Retail,7-Eleven,2022-11-08
714846952036,4763696880515232950,Online,Groceries,Amazon,2022-11-11
379799260123,4763696880515232950,Non-Online,Groceries,Kinokuniya,2022-11-11
666169073548,4763696880515232950,Non-Online,Groceries,Isetan,2022-11-11
893266623909,4763696880515232950,Non-Online,Groceries,Takashimaya,2022-11-11
634343172329,3578786580784643,Non-Online,Retail,7-Eleven,2022-11-10
876399888154,639088473801,Non-Online,Retail,7-Eleven,2022-11-08
828084505230,213128652683014,Non-Online,Retail,7-Eleven,2022-11-08
610770886027,30467362544459,Online,Groceries,Qoo10,2022-11-11
699773637253,30467362544459,Online,Groceries,Amazon,2022-11-11
793554699060,30467362544459,Non-Online,Groceries,Kinokuniya,2022-11-11
228370961355,30467362544459,Non-Online,Groceries,Pet Lovers Centre,2022-11-11
248741262216,30467362544459,Non-Online,Retail,7-Eleven,2022-11-11
718484453367,378140164336750,Non-Online,Retail,7-Eleven,2022-11-07
261144395605,4779860384606,Non-Online,Groceries,Cold Storage,2022-11-13
674490775651,4956697467094602,Non-Online,Retail,7-Eleven,2022-11-09
354963460953,3585593935400169,Non-Online,Retail,7-Eleven,2022-11-09
175050248219,4236163586017760,Non-Online,Retail,7-Eleven,2022-11-09
888578835857,6592895389545215,Non-Online,Retail,7-Eleven,2022-11-10
345826095319,6530624339025358,Online,Groceries,Amazon,2022-11-11
688229918655,6530624339025358,Online,Groceries,Zalora,2022-11-11
320227857564,6530624339025358,Non-Online,Groceries,Isetan,2022-11-11
698925535582,6530624339025358,Non-Online,Groceries,Decathalon,2022-11-11
556822880873,6530624339025358,Non-Online,Groceries,Isetan,2022-11-11
552350910307,6530624339025358,Non-Online,Retail,7-Eleven,2022-11-11
159361945942,4887570246366845,Non-Online,Retail,7-Eleven,2022-11-10
621858619286,4115063830451,Non-Online,Groceries,Giant Hypermart,2022-11-13
304163874609,4115063830451,Non-Online,Groceries,Don Don Donki,2022-11-13
359008442201,588084630866,Non-Online,Retail,7-Eleven,2022-11-08
300324741973,6011519429348348,Non-Online,Retail,7-Eleven,2022-11-08
432157573471,4256775423267665,Non-Online,Retail,7-Eleven,2022-11-08
627503389011,3578959251934090,Non-Online,Groceries,NTUC Fairprice,2022-11-12
292981598737,3578959251934090,Non-Online,Groceries,Don Don Donki,2022-11-12
210990035483,4408630232000855,Non-Online,Retail,7-Eleven,2022-11-07
437639417507,213138493667175,Non-Online,Groceries,Cold Storage,2022-11-13
696633659004,675945343415,Non-Online,Retail,7-Eleven,2022-11-07
889066200366,639040206950,Non-Online,Retail,7-Eleven,2022-11-09
446150801037,30056402241489,Non-Online,Retail,7-Eleven,2022-11-07
542984705993,4899306413759,Non-Online,Groceries,Don Don Donki,2022-11-12
717176698837,4899306413759,Non-Online,Groceries,Giant Hypermart,2022-11-12
427908318355,3537969685102859,Non-Online,Retail,7-Eleven,2022-11-09
749274619915,4858080690815219,Online,Groceries,Lazada,2022-11-11
741556708859,4858080690815219,Non-Online,Groceries,Takashimaya,2022-11-11
854538225459,4858080690815219,Non-Online,Retail,7-Eleven,2022-11-11
720016846530,4620711568619,Non-Online,Groceries,Don Don Donki,2022-11-13
651357010462,340545657765031,Non-Online,Retail,7-Eleven,2022-11-09
364829598635,4252123578974781,Non-Online,Retail,7-Eleven,2022-11-08
143207633027,180014904406769,Non-Online,Retail,7-Eleven,2022-11-10
141677787882,3599953043211235,Online,Groceries,Qoo10,2022-11-11
241830672427,3599953043211235,Online,Groceries,Zalora,2022-11-11
804228987814,3599953043211235,Non-Online,Groceries,Pet Lovers Centre,2022-11-11
306381817631,3599953043211235,Non-Online,Groceries,Takashimaya,2022-11-11
237141752446,3599953043211235,Non-Online,Groceries,Pet Lovers Centre,2022-11-11
589707378049,38909706961859,Non-Online,Retail,7-Eleven,2022-11-09
313970906772,30342005295746,Non-Online,Retail,7-Eleven,2022-11-07
324290613066,4784022562562700,Non-Online,Groceries,Giant Hypermart,2022-11-13
854771371489,4853013677304183,Non-Online,Retail,7-Eleven,2022-11-09
638209934546,375797986308664,Online,Groceries,Qoo10,2022-11-11
861390378403,375797986308664,Online,Groceries,eBay,2022-11-11
639752146839,375797986308664,Non-Online,Groceries,Isetan,2022-11-11
617108963667,375797986308664,Non-Online,Retail,7-Eleven,2022-11-11
575276946899,575637934861,Non-Online,Retail,7-Eleven,2022-11-08
452201197917,375839971174055,Non-Online,Groceries,Giant Hypermart,2022-11-12
809984425232,375839971174055,Non-Online,Groceries,Cold Storage,2022-11-12
649329728011,4728100427394227,Non-Online,Retail,7-Eleven,2022-11-08
174159177009,4852046047525294,Non-Online,Retail,7-Eleven,2022-11-07
743879610149,3519626165570714,Online,Groceries,Zalora,2022-11-11
558196931452,3519626165570714,Non-Online,Groceries,Kinokuniya,2022-11-11
676011874305,3519626165570714,Non-Online,Groceries,Pet Lovers Centre,2022-11-11
278956051616,3519626165570714,Non-Online,Retail,7-Eleven,2022-11-11
398290421065,503842243753,Non-Online,Retail,7-Eleven,2022-11-08
707931143912,6011203583997865,Non-Online,Retail,7-Eleven,2022-11-07
622898897789,676239012112,Non-Online,Retail,7-Eleven,2022-11-10
155487721281,4952681693881,Non-Online,Retail,7-Eleven,2022-11-09
745473636837,4108811674677250,Non-Online,Groceries,Giant Hypermart,2022-11-12
490007027309,4108811674677250,Non-Online,Groceries,NTUC Fairprice,2022-11-12
242502949403,180098938156300,Online,Groceries,Lazada,2022-11-11
378472297464,180098938156300,Online,Groceries,Shopee,2022-11-11
679801681972,180098938156300,Non-Online,Groceries,Decathalon,2022-11-11
448468600514,180098938156300,Non-Online,Groceries,Kinokuniya,2022-11-11
258495495010,180098938156300,Non-Online,Groceries,Decathalon,2022-11-11
102880865379,180098938156300,Non-Online,Retail,7-Eleven,2022-11-11
135630026129,4082330519005148,Online,Groceries,Qoo10,2022-11-11
200334034657,4082330519005148,Online,Groceries,Shopee,2022-11-11
782422748707,4082330519005148,Non-Online,Groceries,Pet Lovers Centre,2022-11-11
727196314368,4082330519005148,Non-Online,Groceries,Isetan,2022-11-11
724494162820,4082330519005148,Non-Online,Groceries,Takashimaya,2022-11-11
660735401452,4082330519005148,Non-Online,Retail,7-Eleven,2022-11-11
766627847606,4669252538445680400,Non-Online,Groceries,Cold Storage,2022-11-13
509919513893,3586299138399310,Non-Online,Retail,7-Eleven,2022-11-10
663717422473,36186171806545,Non-Online,Retail,7-Eleven,2022-11-10
868048320110,3500136938899565,Non-Online,Retail,7-Eleven,2022-11-07
772880384781,4282934477067217746,Online,Groceries,Qoo10,2022-11-11
646239500361,4282934477067217746,Online,Groceries,Shopee,2022-11-11
175807778336,4282934477067217746,Online,Groceries,Zalora,2022-11-11
625218487696,4282934477067217746,Non-Online,Groceries,Kinokuniya,2022-11-11
303346254497,4282934477067217746,Non-Online,Groceries,Pet Lovers Centre,2022-11-11
860840255913,4282934477067217746,Non-Online,Retail,7-Eleven,2022-11-11
470884128417,2449050958137549,Online,Groceries,eBay,2022-11-11
648005314652,2449050958137549,Online,Groceries,eBay,2022-11-11
286554995641,2449050958137549,Online,Groceries,Amazon,2022-11-11
408441191359,2449050958137549,Non-Online,Groceries,Isetan,2022-11-11
154510164692,2449050958137549,Non-Online,Groceries,Decathalon,2022-11-11
137707597841,2449050958137549,Non-Online,Retail,7-Eleven,2022-11-11
814545320133,6535838650341484,Online,Groceries,Zalora,2022-11-11
658193885449,6535838650341484,Non-Online,Groceries,Decathalon,2022-11-11
457107677376,30598427859605,Non-Online,Retail,7-Eleven,2022-11-10
187047974415,3562462556636195,Online,Groceries,Shopee,2022-11-11
592632836114,3562462556636195,Online,Groceries,Zalora,2022-11-11
212694020531,3562462556636195,Non-Online,Groceries,Takashimaya,2022-11-11
759632768220,3562462556636195,Non-Online,Groceries,Takashimaya,2022-11-11
305464077378,3562462556636195,Non-Online,Retail,7-Eleven,2022-11-11
321216912680,4577697658896632,Non-Online,Groceries,Cold Storage,2022-11-13
324673486968,3543527592273197,Non-Online,Retail,7-Eleven,2022-11-07
750243035912,4510284942590,Non-Online,Retail,7-Eleven,2022-11-09
183534106029,345651455974984,Non-Online,Groceries,Cold Storage,2022-11-12
113028880433,4899157851325666,Non-Online,Retail,7-Eleven,2022-11-09
569042534645,676234827027,Non-Online,Retail,7-Eleven,2022-11-10
882057947276,630473728008,Non-Online,Retail,7-Eleven,2022-11-09
575009350424,503897860782,Non-Online,Groceries,NTUC Fairprice,2022-11-13
111370724203,503897860782,Non-Online,Groceries,Giant Hypermart,2022-11-13
717153069343,6011121456983061,Non-Online,Retail,7-Eleven,2022-11-09
372897707393,3512988326632487,Non-Online,Groceries,NTUC Fairprice,2022-11-12
732207514176,3582173654872444,Non-Online,Groceries,Cold Storage,2022-11-13
449717533848,4064878770967993261,Non-Online,Groceries,Don Don Donki,2022-11-12
657207711646,563138575342,Non-Online,Groceries,Giant Hypermart,2022-11-13
682000158053,6522991650742782,Online,Groceries,Zalora,2022-11-11
423439396474,6522991650742782,Non-Online,Groceries,Pet Lovers Centre,2022-11-11
625275613719,6522991650742782,Non-Online,Groceries,Pet Lovers Centre,2022-11-11
672806776297,6522991650742782,Non-Online,Retail,7-Eleven,2022-11-11
555677917508,6572545377634943,Non-Online,Retail,7-Eleven,2022-11-10
520747185161,213148126125178,Non-Online,Groceries,Don Don Donki,2022-11-13
291800110683,213148126125178,Non-Online,Groceries,Don Don Donki,2022-11-13
412877768165,6011860485099544,Non-Online,Retail,7-Eleven,2022-11-10
123551777264,345569799293145,Non-Online,Retail,7-Eleven,2022-11-10
418243809420,2388654346992557,Non-Online,Groceries,Cold Storage,2022-11-12
305877055769,4794898323997,Online,Groceries,eBay,2022-11-11
694856761390,4794898323997,Online,Groceries,Zalora,2022-11-11
550847144419,4794898323997,Online,Groceries,Lazada,2022-11-11
517172203330,4794898323997,Non-Online,Groceries,Kinokuniya,2022-11-11
781703599616,4794898323997,Non-Online,Retail,7-Eleven,2022-11-11
278797516984,3599686445182584,Non-Online,Groceries,Cold Storage,2022-11-12
375334581688,3599686445182584,Non-Online,Groceries,Don Don Donki,2022-11-12
262895293217,2711867097164386,Non-Online,Retail,7-Eleven,2022-11-09
151993806267,6528594441485374,Non-Online,Retail,7-Eleven,2022-11-10
492632960960,639023155463,Non-Online,Groceries,Cold Storage,2022-11-13
794729156412,4038665374126,Non-Online,Groceries,Don Don Donki,2022-11-13
540066928435,3537095108649746,Non-Online,Retail,7-Eleven,2022-11-10
416397903128,3560940035014078,Non-Online,Retail,7-Eleven,2022-11-09
318873048980,4057897513541,Online,Groceries,Amazon,2022-11-11
718698304373,4057897513541,Online,Groceries,Qoo10,2022-11-11
425870038844,4057897513541,Non-Online,Groceries,Decathalon,2022-11-11
846226971882,4057897513541,Non-Online,Groceries,Isetan,2022-11-11
765021263695,4057897513541,Non-Online,Groceries,Decathalon,2022-11-11
511890092374,4057897513541,Non-Online,Retail,7-Eleven,2022-11-11
244654799855,3545721898394819,Non-Online,Retail,7-Eleven,2022-11-07
259353480499,213132138486554,Non-Online,Retail,7-Eleven,2022-11-08
406131750405,4074063899010235463,Online,Groceries,Amazon,2022-11-11
504123531356,4074063899010235463,Online,Groceries,Amazon,2022-11-11
637602363874,4074063899010235463,Non-Online,Groceries,Isetan,2022-11-11
685717597088,4074063899010235463,Non-Online,Groceries,Kinokuniya,2022-11-11
300172162232,4074063899010235463,Non-Online,Retail,7-Eleven,2022-11-11
194192499940,2545632737614287,Non-Online,Retail,7-Eleven,2022-11-09
761941357663,3514206404496594,Non-Online,Retail,7-Eleven,2022-11-08
292893704506,4471562563600998161,Non-Online,Retail,7-Eleven,2022-11-09
737230189647,3508542516308931,Online,Groceries,Qoo10,2022-11-11
419140649684,3508542516308931,Non-Online,Groceries,Pet Lovers Centre,2022-11-11
638998623900,3508542516308931,Non-Online,Groceries,Isetan,2022-11-11
200104906195,3508542516308931,Non-Online,Groceries,Takashimaya,2022-11-11
608103574901,2275983964594247,Non-Online,Groceries,NTUC Fairprice,2022-11-12
698984858461,2275983964594247,Non-Online,Groceries,Don Don Donki,2022-11-12
859985943036,4795389165932007704,Non-Online,Groceries,Cold Storage,2022-11-12
146172837820,30284487191920,Non-Online,Retail,7-Eleven,2022-11-08
136943369192,630424024036,Non-Online,Groceries,NTUC Fairprice,2022-11-12
607652439359,4227220360675063,Non-Online,Retail,7-Eleven,2022-11-07
265785210014,30164000571149,Non-Online,Groceries,NTUC Fairprice,2022-11-12
430667866851,30164000571149,Non-Online,Groceries,Cold Storage,2022-11-12
794185092903,3548340896673699,Online,Groceries,Amazon,2022-11-11
483447823705,3548340896673699,Non-Online,Groceries,Takashimaya,2022-11-11
825163534647,3548340896673699,Non-Online,Retail,7-Eleven,2022-11-11
209332820089,36680019362869,Non-Online,Retail,7-Eleven,2022-11-09
227964733718,4624414819145112,Non-Online,Retail,7-Eleven,2022-11-07
449198836345,2225894691254487,Non-Online,Retail,7-Eleven,2022-11-10
505139272646,3511506506189408,Non-Online,Groceries,Don Don Donki,2022-11-13
712527223958,3511506506189408,Non-Online,Groceries,Giant Hypermart,2022-11-13
701518589229,4863204426073,Non-Online,Retail,7-Eleven,2022-11-10
397783396302,4465251568005135,Online,Groceries,Lazada,2022-11-11
179509863322,4465251568005135,Online,Groceries,Lazada,2022-11-11
422025635877,4465251568005135,Online,Groceries,eBay,2022-11-11
605182294446,4465251568005135,Non-Online,Groceries,Kinokuniya,2022-11-11
784455793174,4465251568005135,Non-Online,Retail,7-Eleven,2022-11-11
368967415949,3504853520711299,Non-Online,Retail,7-Eleven,2022-11-08
526278763086,4610708641602,Non-Online,Retail,7-Eleven,2022-11-09
454862096445,4991793131992,Non-Online,Retail,7-Eleven,2022-11-08
243737594526,4113623171632875,Non-Online,Retail,7-Eleven,2022-11-07
880952999966,4316558224386012932,Non-Online,Retail,7-Eleven,2022-11-09
196440653807,38016597233727,Non-Online,Retail,7-Eleven,2022-11-08
230901393662,4183374558348793,Non-Online,Retail,7-Eleven,2022-11-08
468333873228,348142244892668,Non-Online,Retail,7-Eleven,2022-11-09
283248464639,675959181982,Online,Groceries,Shopee,2022-11-11
418713462250,675959181982,Non-Online,Groceries,Decathalon,2022-11-11
584942917936,675959181982,Non-Online,Groceries,Pet Lovers Centre,2022-11-11
545467003302,675959181982,Non-Online,Groceries,Takashimaya,2022-11-11
659814645859,675959181982,Non-Online,Retail,7-Eleven,2022-11-11
128981722388,2391898417556768,Non-Online,Retail,7-Eleven,2022-11-10
316214732689,3568280009186004,Non-Online,Retail,7-Eleven,2022-11-10
271886078242,639072637999,Non-Online,Retail,7-Eleven,2022-11-07
873669280771,30338971353196,Non-Online,Retail,7-Eleven,2022-11-10
403495802176,676140904191,Non-Online,Retail,7-Eleven,2022-11-08
309612764888,4437358621370786163,Non-Online,Retail,7-Eleven,2022-11-10
655570260410,3564484578934836,Non-Online,Retail,7-Eleven,2022-11-10
613263869720,4108112081321289,Non-Online,Groceries,NTUC Fairprice,2022-11-12
528057993375,4663376293540833298,Non-Online,Groceries,Cold Storage,2022-11-13
139409986490,30056130373026,Non-Online,Retail,7-Eleven,2022-11-07
226582306759,501808557463,Non-Online,Retail,7-Eleven,2022-11-07
236249677785,4283220012745687,Online,Groceries,eBay,2022-11-11
730392336823,4283220012745687,Online,Groceries,eBay,2022-11-11
524980562173,4283220012745687,Non-Online,Groceries,Pet Lovers Centre,2022-11-11
870810037197,4283220012745687,Non-Online,Groceries,Kinokuniya,2022-11-11
849737316760,4278772159131,Non-Online,Retail,7-Eleven,2022-11-10
372498921484,3512125137188777,Non-Online,Retail,7-Eleven,2022-11-09
502161941177,30175572459158,Non-Online,Groceries,Giant Hypermart,2022-11-13
746607129547,30230226171160,Non-Online,Groceries,NTUC Fairprice,2022-11-12
736142282047,4367851865417716,Non-Online,Retail,7-Eleven,2022-11-07
264371109237,180099551970613,Non-Online,Retail,7-Eleven,2022-11-07
513874509417,2717967164136566,Non-Online,Retail,7-Eleven,2022-11-07
667158760174,4166427693335215,Non-Online,Groceries,Giant Hypermart,2022-11-12
126493832234,4166427693335215,Non-Online,Groceries,Don Don Donki,2022-11-12
803559061385,4866762735919844646,Online,Groceries,Qoo10,2022-11-11
123306341326,4866762735919844646,Online,Groceries,Shopee,2022-11-11
375885068328,4866762735919844646,Non-Online,Groceries,Pet Lovers Centre,2022-11-11
217816246121,4866762735919844646,Non-Online,Groceries,Takashimaya,2022-11-11
217454892132,180009901490741,Online,Groceries,Lazada,2022-11-11
142147653259,180009901490741,Online,Groceries,Zalora,2022-11-11
166464504825,180009901490741,Non-Online,Groceries,Pet Lovers Centre,2022-11-11
479345582816,180009901490741,Non-Online,Groceries,Isetan,2022-11-11
710228846467,180009901490741,Non-Online,Groceries,Kinokuniya,2022-11-11
122855211176,180080176382681,Non-Online,Groceries,Giant Hypermart,2022-11-12
365968605815,180080176382681,Non-Online,Groceries,Don Don Donki,2022-11-12
662690627290,4475779666302341,Non-Online,Retail,7-Eleven,2022-11-10
184529420737,4373495305155908,Non-Online,Retail,7-Eleven,2022-11-07
604053254324,30093728191528,Online,Groceries,Amazon,2022-11-11
403787757916,30093728191528,Online,Groceries,eBay,2022-11-11
835824039589,30093728191528,Online,Groceries,Zalora,2022-11-11
395120669772,30093728191528,Non-Online,Groceries,Kinokuniya,2022-11-11
323071473487,30093728191528,Non-Online,Groceries,Isetan,2022-11-11
787589136092,30093728191528,Non-Online,Groceries,Pet Lovers Centre,2022-11-11
826581344071,30093728191528,Non-Online,Retail,7-Eleven,2022-11-11
769748672228,180081675637013,Non-Online,Groceries,Giant Hypermart,2022-11-13
440878661364,180081675637013,Non-Online,Groceries,NTUC Fairprice,2022-11-13
210544636283,3585463211255465,Non-Online,Groceries,NTUC Fairprice,2022-11-12
736188912661,3585463211255465,Non-Online,Groceries,Don Don Donki,2022-11-12
294813433871,2247493859656726,Non-Online,Groceries,Cold Storage,2022-11-13
142253458466,2247493859656726,Non-Online,Groceries,Don Don Donki,2022-11-13
221496077465,3516205332523600,Non-Online,Retail,7-Eleven,2022-11-09
192187348771,3540329330363007,Non-Online,Retail,7-Eleven,2022-11-09
551831021456,4929354266019034,Non-Online,Retail,7-Eleven,2022-11-07
709204149623,4363312667295227026,Non-Online,Retail,7-Eleven,2022-11-10
507142248311,30253022239114,Non-Online,Retail,7-Eleven,2022-11-07
782691561415,4600864572186463846,Non-Online,Groceries,Giant Hypermart,2022-11-13
875510753375,4600864572186463846,Non-Online,Groceries,Don Don Donki,2022-11-13
681759508845,4045865004681479,Non-Online,Groceries,Don Don Donki,2022-11-13
480536594309,4045865004681479,Non-Online,Groceries,Cold Storage,2022-11-13
257151538071,630483042283,Non-Online,Retail,7-Eleven,2022-11-07
721601331068,502087925835,Non-Online,Groceries,Don Don Donki,2022-11-12
675063101386,502087925835,Non-Online,Groceries,Don Don Donki,2022-11-12
609116153903,180073238767940,Non-Online,Retail,7-Eleven,2022-11-07
373426786169,3520090887419253,Non-Online,Retail,7-Eleven,2022-11-09
325948474717,4512318349623572078,Online,Groceries,Shopee,2022-11-11
322491514229,4512318349623572078,Online,Groceries,Lazada,2022-11-11
431247963586,4512318349623572078,Online,Groceries,Qoo10,2022-11-11
304070626145,4512318349623572078,Non-Online,Groceries,Takashimaya,2022-11-11
358310222173,4512318349623572078,Non-Online,Groceries,Kinokuniya,2022-11-11
807103696971,4512318349623572078,Non-Online,Groceries,Pet Lovers Centre,2022-11-11
399549202698,4512318349623572078,Non-Online,Retail,7-Eleven,2022-11-11
756731898331,4387124470299010,Non-Online,Retail,7-Eleven,2022-11-10
352769319039,6011307794136666,Non-Online,Retail,7-Eleven,2022-11-07
318726519058,2480937993511409,Online,Groceries,Lazada,2022-11-11
810779611216,2480937993511409,Non-Online,Groceries,Takashimaya,2022-11-11
745330326293,2480937993511409,Non-Online,Groceries,Isetan,2022-11-11
392390882150,2480937993511409,Non-Online,Groceries,Kinokuniya,2022-11-11
778695779000,2480937993511409,Non-Online,Retail,7-Eleven,2022-11-11
293710407930,560590648906,Non-Online,Retail,7-Eleven,2022-11-09
876224558630,4645225701203630496,Non-Online,Retail,7-Eleven,2022-11-09
145948624721,5553793633189915,Non-Online,Retail,7-Eleven,2022-11-07
337538391890,4084981449571472440,Non-Online,Groceries,NTUC Fairprice,2022-11-12
255496315792,4084981449571472440,Non-Online,Groceries,Giant Hypermart,2022-11-12
522534522326,4433694494096,Non-Online,Retail,7-Eleven,2022-11-09
139965324669,3598588495504876,Online,Groceries,Lazada,2022-11-11
642626628230,3598588495504876,Online,Groceries,Amazon,2022-11-11
747155632251,3598588495504876,Non-Online,Groceries,Isetan,2022-11-11
402663231982,3598588495504876,Non-Online,Groceries,Decathalon,2022-11-11
149240650270,3598588495504876,Non-Online,Groceries,Pet Lovers Centre,2022-11-11
605233851702,3598588495504876,Non-Online,Retail,7-Eleven,2022-11-11
164664035773,379049446709859,Online,Groceries,Qoo10,2022-11-11
455478350268,379049446709859,Non-Online,Groceries,Isetan,2022-11-11
403450517736,3574394777403194,Online,Groceries,Lazada,2022-11-11
428332656428,3574394777403194,Non-Online,Groceries,Isetan,2022-11-11
180596349282,3571092025840208,Non-Online,Groceries,Giant Hypermart,2022-11-13
125984677583,30177361137557,Non-Online,Retail,7-Eleven,2022-11-07
850758854276,6576565961806877,Non-Online,Retail,7-Eleven,2022-11-08
345453236377,3552017059928127,Non-Online,Retail,7-Eleven,2022-11-10
188230008280,180056469865954,Non-Online,Retail,7-Eleven,2022-11-09
496917674743,4041347172627554,Online,Groceries,Lazada,2022-11-11
219755783513,4041347172627554,Non-Online,Groceries,Decathalon,2022-11-11
110877648878,4041347172627554,Non-Online,Retail,7-Eleven,2022-11-11
288334252648,4084437293708408699,Non-Online,Groceries,Don Don Donki,2022-11-12
792793083297,501848203276,Non-Online,Retail,7-Eleven,2022-11-08
173527043443,4569578758808828,Non-Online,Groceries,Don Don Donki,2022-11-13
203241316656,3516167936460490,Non-Online,Retail,7-Eleven,2022-11-08
403994711261,213181086710549,Online,Groceries,Lazada,2022-11-11
642036722894,213181086710549,Online,Groceries,Lazada,2022-11-11
316727051021,213181086710549,Online,Groceries,Qoo10,2022-11-11
628092320006,213181086710549,Non-Online,Groceries,Isetan,2022-11-11
550843108048,213181086710549,Non-Online,Groceries,Takashimaya,2022-11-11
333551759585,213181086710549,Non-Online,Retail,7-Eleven,2022-11-11
529372344077,372934472750991,Non-Online,Retail,7-Eleven,2022-11-10
283810035753,2226027311356064,Non-Online,Retail,7-Eleven,2022-11-10
151299367293,3540834769458459,Non-Online,Retail,7-Eleven,2022-11-07
512012021101,30534998476339,Non-Online,Groceries,Giant Hypermart,2022-11-12
266184813301,4810151999078647052,Non-Online,Groceries,NTUC Fairprice,2022-11-12
208781616573,4810151999078647052,Non-Online,Groceries,Giant Hypermart,2022-11-12
